,pdb_id,s_ch,s_resi,s_ins,s_resn,s_ss8,s_rsa,s_up,s_down,s_phi,s_psi,s_ss3,s_a1,s_a2,s_a3,s_a4,s_a5,t_ch,t_resi,t_ins,t_resn,t_ss8,t_rsa,t_up,t_down,t_phi,t_psi,t_ss3,t_a1,t_a2,t_a3,t_a4,t_a5,HBOND,IONIC,PICATION,PIPISTACK,SSBOND,VDW
0,5yj5,A,161, ,V,,,25,17,-2.597,2.357,H,-1.337,-0.279,-0.544,1.242,-1.262,A,180, ,V,,,21,18,-0.921,-0.681,H,-1.337,-0.279,-0.544,1.242,-1.262,0.034936022,2.7742378e-11,2.8454519e-24,3.2119685e-17,9.058616e-14,0.9650639
1,5yj5,A,168, ,E,,,16,2,-2.969,-2.996,H,1.357,-1.453,1.477,0.113,-0.837,A,175, ,F,,,20,17,-1.061,-1.016,H,-1.006,-0.59,1.891,-0.397,0.412,0.000102359474,1.3946078e-12,6.787619e-31,6.7867885e-09,7.471684e-15,0.9998976
2,5yj5,A,175, ,F,,,20,17,-1.061,-1.016,H,-1.006,-0.59,1.891,-0.397,0.412,A,178, ,D,,,15,17,-1.174,-0.299,H,1.05,0.302,-3.656,-0.259,-3.242,0.55039406,1.9948068e-06,4.9864988e-09,6.601735e-11,5.0321624e-08,0.44960386
3,5yj5,A,185, ,K,,,7,17,-1.02,-0.69,H,1.831,-0.561,0.533,-0.277,1.648,A,189, ,V,,,6,12,-0.968,-0.767,H,-1.337,-0.279,-0.544,1.242,-1.262,0.61865383,4.243012e-13,1.013324e-13,7.3968196e-09,4.4249086e-07,0.38134572
4,5yj5,A,129, ,M,,,7,14,-1.94,2.278,H,-0.663,-1.524,2.219,-1.005,1.212,A,164, ,R,,,14,18,-1.621,2.304,H,1.538,-0.055,1.502,0.44,2.897,0.642834,6.497183e-07,6.6569454e-20,4.0829003e-12,2.0803696e-10,0.35716546
5,5yj5,A,208, ,R,,,11,23,-1.287,-1.083,H,1.538,-0.055,1.502,0.44,2.897,A,211, ,E,,,11,27,-0.736,-0.606,H,1.357,-1.453,1.477,0.113,-0.837,0.71397924,3.0554502e-12,3.2041252e-27,7.6329564e-16,2.0418047e-15,0.2860208
6,5yj5,A,164, ,R,,,14,18,-1.621,2.304,H,1.538,-0.055,1.502,0.44,2.897,A,167, ,D,,,6,12,-0.8,2.09,H,1.05,0.302,-3.656,-0.259,-3.242,0.38816988,0.29539737,2.2689297e-09,8.156301e-15,2.28873e-11,0.31643277
7,5yj5,A,200, ,E,,,1,14,-0.751,-0.889,H,1.357,-1.453,1.477,0.113,-0.837,A,203, ,V,,,12,19,-1.085,-0.8,H,-1.337,-0.279,-0.544,1.242,-1.262,0.99019605,2.1433539e-23,6.283438e-32,1.2648648e-19,1.4083047e-20,0.009803955
8,5yj5,A,139, ,I,,,17,13,-1.55,3.093,H,-1.239,-0.547,2.131,0.393,0.816,A,150, ,Y,,,16,13,-0.909,-0.899,H,0.26,0.83,3.097,-0.838,1.512,0.41881487,3.605901e-17,3.6910738e-25,1.715738e-08,7.531012e-06,0.5811776
9,5yj5,A,141, ,F,,,18,7,-2.042,-0.677,H,-1.006,-0.59,1.891,-0.397,0.412,A,150, ,Y,,,16,13,-0.909,-0.899,H,0.26,0.83,3.097,-0.838,1.512,0.01063668,6.283975e-17,4.925795e-21,0.6122718,3.2314193e-10,0.37709153
10,5yj5,A,139, ,I,,,17,13,-1.55,3.093,H,-1.239,-0.547,2.131,0.393,0.816,A,205, ,M,,,21,15,-0.811,-1.013,H,-0.663,-1.524,2.219,-1.005,1.212,0.35061407,1.642835e-20,4.9619385e-28,3.5118596e-15,1.6209126e-10,0.6493859
11,5yj5,A,157, ,Y,,,22,12,-1.05,2.208,H,0.26,0.83,3.097,-0.838,1.512,A,209, ,V,,,20,16,-0.817,-0.799,H,-1.337,-0.279,-0.544,1.242,-1.262,0.06347572,5.075146e-13,9.620353e-22,7.6062686e-13,8.1770704e-05,0.9364425
12,5yj5,A,141, ,F,,,18,7,-2.042,-0.677,H,-1.006,-0.59,1.891,-0.397,0.412,A,205, ,M,,,21,15,-0.811,-1.013,H,-0.663,-1.524,2.219,-1.005,1.212,0.00062798895,5.892213e-19,7.475062e-21,3.364349e-06,1.7520352e-10,0.9993686
13,5yj5,A,131, ,G,,,17,7,-1.389,-1.91,H,-0.384,1.652,1.33,1.045,2.064,A,217, ,Q,,,21,13,-1.131,-0.826,H,0.931,-0.179,-3.005,-0.503,-1.853,0.07235245,8.6632816e-20,4.0566927e-30,7.527209e-23,2.0589386e-16,0.92764753
14,5yj5,A,135, ,S,,,1,21,-1.641,1.802,H,-0.228,1.399,-4.76,0.67,-2.647,A,157, ,Y,,,22,12,-1.05,2.208,H,0.26,0.83,3.097,-0.838,1.512,0.7106299,8.533335e-31,8.2659694e-30,3.1226678e-19,1.9762207e-21,0.28937012
15,5yj5,A,172, ,Q,,,9,16,-1.319,-0.691,H,0.931,-0.179,-3.005,-0.503,-1.853,A,175, ,F,,,20,17,-1.061,-1.016,H,-1.006,-0.59,1.891,-0.397,0.412,0.9899822,5.819732e-18,8.6976223e-16,7.4559864e-10,4.206764e-15,0.010017831
16,5yj5,A,177, ,H,,,12,22,-0.83,-1.1,H,0.336,-0.417,-1.673,-1.474,-0.078,A,211, ,E,,,11,27,-0.736,-0.606,H,1.357,-1.453,1.477,0.113,-0.837,0.61925286,0.00010088169,5.2997886e-21,6.4418037e-12,9.109693e-09,0.38064623
17,5yj5,A,184, ,I,,,20,17,-1.334,-0.672,H,-1.239,-0.547,2.131,0.393,0.816,A,187, ,H,,,18,12,-1.199,-0.433,H,0.336,-0.417,-1.673,-1.474,-0.078,0.5980301,7.504851e-21,7.111219e-23,7.017181e-13,1.2235418e-08,0.40196994
18,5yj5,A,164, ,R,,,14,18,-1.621,2.304,H,1.538,-0.055,1.502,0.44,2.897,A,175, ,F,,,20,17,-1.061,-1.016,H,-1.006,-0.59,1.891,-0.397,0.412,0.5315881,9.904491e-20,4.5951676e-21,6.551831e-15,1.097434e-15,0.4684119
19,5yj5,A,151, ,R,,,5,14,-1.124,-0.354,H,1.538,-0.055,1.502,0.44,2.897,A,154, ,M,,,11,11,-0.898,-1.065,H,-0.663,-1.524,2.219,-1.005,1.212,0.35326487,1.5429856e-22,7.3636305e-18,1.2146015e-10,8.713395e-14,0.64673513
20,5yj5,A,148, ,R,,,3,16,-0.931,-0.962,H,1.538,-0.055,1.502,0.44,2.897,A,151, ,R,,,5,14,-1.124,-0.354,H,1.538,-0.055,1.502,0.44,2.897,0.8190603,1.4076585e-18,6.8976086e-10,4.1276685e-10,2.611219e-18,0.18093964
21,5yj5,A,179, ,C,,,26,13,-1.279,-1.098,H,-1.343,0.465,-0.862,-1.02,-0.255,A,182, ,I,,,16,16,-1.368,-0.884,H,-1.239,-0.547,2.131,0.393,0.816,0.37437132,3.68236e-12,1.9289492e-13,0.0005129117,9.485668e-08,0.62511575
22,5yj5,A,122, ,V,,,10,5,-2.622,-2.118,H,-1.337,-0.279,-0.544,1.242,-1.262,A,178, ,D,,,15,17,-1.174,-0.299,H,1.05,0.302,-3.656,-0.259,-3.242,0.11029921,2.1625764e-11,6.2254954e-21,3.1156012e-11,8.45865e-12,0.8897008
23,5yj5,A,188, ,T,,,13,14,-1.439,-0.987,H,-0.032,0.326,2.213,0.908,1.313,A,203, ,V,,,12,19,-1.085,-0.8,H,-1.337,-0.279,-0.544,1.242,-1.262,0.86015946,6.073694e-16,2.7358365e-21,5.7458083e-09,1.8225745e-10,0.13984053
24,5yj5,A,180, ,V,,,21,18,-0.921,-0.681,H,-1.337,-0.279,-0.544,1.242,-1.262,A,183, ,T,,,27,11,-0.794,-0.693,H,-0.032,0.326,2.213,0.908,1.313,0.88554853,9.322593e-22,1.4677736e-30,2.2513619e-21,2.956282e-08,0.114451475
25,5yj5,A,186, ,Q,,,10,15,-1.339,-0.826,H,0.931,-0.179,-3.005,-0.503,-1.853,A,190, ,T,,,6,10,-1.091,-0.883,H,-0.032,0.326,2.213,0.908,1.313,0.3597844,4.443071e-11,3.860344e-16,1.8057323e-08,2.8144694e-08,0.6402156
26,5yj5,A,212, ,Q,,,14,19,-1.256,-0.599,H,0.931,-0.179,-3.005,-0.503,-1.853,A,216, ,T,,,17,13,-0.773,-1.022,H,-0.032,0.326,2.213,0.908,1.313,0.7557147,2.1045173e-15,5.4455086e-18,1.477886e-11,3.0161804e-08,0.24428527
27,5yj5,A,183, ,T,,,27,11,-0.794,-0.693,H,-0.032,0.326,2.213,0.908,1.313,A,187, ,H,,,18,12,-1.199,-0.433,H,0.336,-0.417,-1.673,-1.474,-0.078,0.86775947,4.5243884e-19,3.941362e-22,3.6290422e-14,9.532066e-10,0.13224053
28,5yj5,A,154, ,M,,,11,11,-0.898,-1.065,H,-0.663,-1.524,2.219,-1.005,1.212,A,157, ,Y,,,22,12,-1.05,2.208,H,0.26,0.83,3.097,-0.838,1.512,0.53258234,2.969985e-11,1.3131666e-13,0.00076389365,1.9956622e-07,0.46665356
29,5yj5,A,219, ,E,,,7,14,-1.348,-1.033,H,1.357,-1.453,1.477,0.113,-0.837,A,223, ,Q,,,4,12,-1.088,-0.795,H,0.931,-0.179,-3.005,-0.503,-1.853,0.31526247,5.1936486e-14,4.569994e-30,1.7823823e-12,8.205134e-09,0.6847376
30,5yj5,A,205, ,M,,,21,15,-0.811,-1.013,H,-0.663,-1.524,2.219,-1.005,1.212,A,209, ,V,,,20,16,-0.817,-0.799,H,-1.337,-0.279,-0.544,1.242,-1.262,0.32457364,9.939391e-06,4.167067e-12,1.2275393e-09,3.7621533e-07,0.675416
31,5yj5,A,149, ,Y,,,17,10,-0.777,-0.873,H,0.26,0.83,3.097,-0.838,1.512,A,205, ,M,,,21,15,-0.811,-1.013,H,-0.663,-1.524,2.219,-1.005,1.212,0.090733446,4.146755e-21,9.1147995e-24,8.600506e-08,2.0760556e-06,0.90926445
32,5yj5,A,130, ,L,,,13,14,-1.569,2.283,H,-1.019,-0.987,-1.505,1.266,-0.912,A,162, ,Y,,,13,23,-1.639,2.613,H,0.26,0.83,3.097,-0.838,1.512,0.26153445,3.1020514e-17,2.9565164e-21,6.727577e-16,9.137849e-15,0.73846555
33,5yj5,A,161, ,V,,,25,17,-2.597,2.357,H,-1.337,-0.279,-0.544,1.242,-1.262,A,183, ,T,,,27,11,-0.794,-0.693,H,-0.032,0.326,2.213,0.908,1.313,0.0056197224,5.0771355e-22,6.586142e-35,9.8722905e-24,6.338685e-14,0.9943803
34,5yj5,A,173, ,N,,,2,20,-1.289,-0.685,H,0.945,0.828,1.299,-0.169,0.933,A,176, ,V,,,16,20,-0.992,-0.836,H,-1.337,-0.279,-0.544,1.242,-1.262,0.9516909,6.939433e-25,1.2652181e-30,1.3033733e-18,3.3211618e-20,0.048309077
35,5yj5,A,187, ,H,,,18,12,-1.199,-0.433,H,0.336,-0.417,-1.673,-1.474,-0.078,A,206, ,M,,,22,20,-0.946,-1.074,H,-0.663,-1.524,2.219,-1.005,1.212,0.65568787,1.2162408e-09,4.7225253e-24,1.4671001e-09,1.2097604e-09,0.3443121
36,5yj5,A,216, ,T,,,17,13,-0.773,-1.022,H,-0.032,0.326,2.213,0.908,1.313,A,220, ,R,,,9,10,-0.765,-0.865,H,1.538,-0.055,1.502,0.44,2.897,0.758273,3.192692e-15,3.435657e-18,7.696987e-12,1.3161466e-08,0.241727
37,5yj5,A,184, ,I,,,20,17,-1.334,-0.672,H,-1.239,-0.547,2.131,0.393,0.816,A,207, ,E,,,12,26,-0.733,-0.792,H,1.357,-1.453,1.477,0.113,-0.837,0.16702345,9.923561e-14,1.4290651e-26,6.7086895e-18,4.6384554e-14,0.8329766
38,5yj5,A,213, ,M,,,27,11,-1.289,-0.909,H,-0.663,-1.524,2.219,-1.005,1.212,A,216, ,T,,,17,13,-0.773,-1.022,H,-0.032,0.326,2.213,0.908,1.313,0.64964616,3.1842943e-14,3.5251766e-14,3.2322163e-16,1.5095846e-16,0.3503539
39,5yj5,A,125, ,L,,,1,13,-0.877,-2.889,H,-1.019,-0.987,-1.505,1.266,-0.912,A,128, ,Y,,,13,12,-2.232,1.601,H,0.26,0.83,3.097,-0.838,1.512,0.59344,1.3501975e-17,9.279745e-22,1.8893558e-21,2.1273101e-20,0.40655997
40,5yj5,A,213, ,M,,,27,11,-1.289,-0.909,H,-0.663,-1.524,2.219,-1.005,1.212,A,217, ,Q,,,21,13,-1.131,-0.826,H,0.931,-0.179,-3.005,-0.503,-1.853,0.62797165,1.517503e-18,1.1559052e-18,2.0769956e-14,2.4754955e-14,0.37202835
41,5yj5,A,192, ,T,,,7,9,-1.421,-0.81,H,-0.032,0.326,2.213,0.908,1.313,A,196, ,E,,,9,5,-1.234,-2.858,H,1.357,-1.453,1.477,0.113,-0.837,0.7166476,1.756241e-12,2.4953312e-31,2.0871611e-18,2.3976695e-15,0.28335235
42,5yj5,A,176, ,V,,,16,20,-0.992,-0.836,H,-1.337,-0.279,-0.544,1.242,-1.262,A,179, ,C,,,26,13,-1.279,-1.098,H,-1.343,0.465,-0.862,-1.02,-0.255,0.46939898,8.557595e-21,9.666223e-21,2.7158476e-18,1.008499e-15,0.53060097
43,5yj5,A,163, ,Y,,,25,12,-3.096,3.101,H,0.26,0.83,3.097,-0.838,1.512,A,214, ,C,,,25,22,-0.916,-0.767,H,-1.343,0.465,-0.862,-1.02,-0.255,0.03315755,3.2179357e-12,1.2953557e-17,9.902319e-07,4.980186e-09,0.9668414
44,5yj5,A,190, ,T,,,6,10,-1.091,-0.883,H,-0.032,0.326,2.213,0.908,1.313,A,194, ,K,,,8,4,-1.531,-0.223,H,1.831,-0.561,0.533,-0.277,1.648,0.29297882,2.9209355e-14,1.6089174e-26,7.9460066e-24,3.208696e-20,0.7070212
45,5yj5,A,139, ,I,,,17,13,-1.55,3.093,H,-1.239,-0.547,2.131,0.393,0.816,A,208, ,R,,,11,23,-1.287,-1.083,H,1.538,-0.055,1.502,0.44,2.897,0.15171644,1.0140499e-17,3.5571472e-21,3.1541008e-15,3.4108046e-12,0.8482835
46,5yj5,A,136, ,R,,,18,6,-1.994,2.611,H,1.538,-0.055,1.502,0.44,2.897,A,157, ,Y,,,22,12,-1.05,2.208,H,0.26,0.83,3.097,-0.838,1.512,0.18144989,1.0207276e-17,8.821434e-19,7.0004624e-14,1.5252861e-14,0.8185501
47,5yj5,A,165, ,P,,,3,26,-0.734,2.917,H,0.189,2.081,-1.628,0.421,-1.392,A,218, ,Y,,,21,16,-0.863,-0.55,H,0.26,0.83,3.097,-0.838,1.512,0.3849678,8.099377e-33,1.1979764e-36,4.5860063e-23,6.9202866e-19,0.6150322
48,5yj5,A,149, ,Y,,,17,10,-0.777,-0.873,H,0.26,0.83,3.097,-0.838,1.512,A,153, ,N,,,13,8,-1.987,0.259,H,0.945,0.828,1.299,-0.169,0.933,0.327815,3.6574294e-15,2.2455302e-21,0.0012340358,3.4092853e-09,0.67095095
49,5yj5,A,99, ,W,,,2,6,-0.61,2.055,H,-0.595,0.009,0.672,-2.128,-0.184,A,102, ,P,,,0,8,-0.707,1.719,H,0.189,2.081,-1.628,0.421,-1.392,0.13135043,1.7288574e-19,1.4077354e-26,5.4955603e-17,1.1993814e-13,0.8686496
50,5yj5,A,134, ,M,,,18,7,-2.309,2.246,H,-0.663,-1.524,2.219,-1.005,1.212,A,159, ,N,,,11,23,-1.683,0.468,H,0.945,0.828,1.299,-0.169,0.933,0.03479269,2.9024781e-18,1.2828035e-26,4.9262245e-16,1.0956117e-13,0.9652073
51,5yj5,A,134, ,M,,,18,7,-2.309,2.246,H,-0.663,-1.524,2.219,-1.005,1.212,A,214, ,C,,,25,22,-0.916,-0.767,H,-1.343,0.465,-0.862,-1.02,-0.255,0.0013276766,7.444353e-17,0.0,4.9737415e-12,4.979541e-12,0.99867237
52,5yj5,A,153, ,N,,,13,8,-1.987,0.259,H,0.945,0.828,1.299,-0.169,0.933,A,156, ,R,,,10,10,-1.912,-0.063,H,1.538,-0.055,1.502,0.44,2.897,0.34778944,1.5877473e-14,9.1404395e-08,2.9582797e-10,1.7208419e-11,0.6522105
53,5yj5,A,143, ,S,,,10,6,-2.465,2.645,H,-0.228,1.399,-4.76,0.67,-2.647,A,146, ,E,,,14,11,-0.973,-0.965,H,1.357,-1.453,1.477,0.113,-0.837,0.7196601,7.285433e-16,5.5995797e-27,6.7394553e-12,8.666847e-08,0.28033978
54,5yj5,A,184, ,I,,,20,17,-1.334,-0.672,H,-1.239,-0.547,2.131,0.393,0.816,A,188, ,T,,,13,14,-1.439,-0.987,H,-0.032,0.326,2.213,0.908,1.313,0.6859533,1.9626416e-19,2.6734846e-23,5.6638617e-11,4.973167e-08,0.3140467
55,5yj5,A,223, ,Q,,,4,12,-1.088,-0.795,H,0.931,-0.179,-3.005,-0.503,-1.853,A,226, ,Y,,,5,8,-0.908,-0.622,H,0.26,0.83,3.097,-0.838,1.512,0.44889823,1.6458688e-15,2.820372e-16,3.945514e-07,2.3193138e-10,0.55110145
56,5yj5,A,211, ,E,,,11,27,-0.736,-0.606,H,1.357,-1.453,1.477,0.113,-0.837,A,215, ,I,,,10,25,-1.166,-0.883,H,-1.239,-0.547,2.131,0.393,0.816,0.7262053,2.4149507e-18,3.781841e-33,1.0467125e-13,7.422702e-17,0.27379465
57,5yj5,A,180, ,V,,,21,18,-0.921,-0.681,H,-1.337,-0.279,-0.544,1.242,-1.262,A,185, ,K,,,7,17,-1.02,-0.69,H,1.831,-0.561,0.533,-0.277,1.648,0.15425017,1.01113465e-10,2.5223466e-20,2.2858761e-24,2.033185e-17,0.84574986
58,5yj5,A,190, ,T,,,6,10,-1.091,-0.883,H,-0.032,0.326,2.213,0.908,1.313,A,193, ,T,,,6,7,-0.97,-0.582,H,-0.032,0.326,2.213,0.908,1.313,0.9087699,2.7150748e-14,5.569799e-12,8.155107e-14,3.0820554e-15,0.091230035
59,5yj5,A,218, ,Y,,,21,16,-0.863,-0.55,H,0.26,0.83,3.097,-0.838,1.512,A,222, ,S,,,10,13,-0.782,-0.9,H,-0.228,1.399,-4.76,0.67,-2.647,0.5354746,1.6348306e-10,1.6219856e-16,4.7636682e-14,1.2812425e-05,0.46451265
60,5yj5,A,128, ,Y,,,13,12,-2.232,1.601,H,0.26,0.83,3.097,-0.838,1.512,A,162, ,Y,,,13,23,-1.639,2.613,H,0.26,0.83,3.097,-0.838,1.512,0.012791563,1.6821696e-24,9.171841e-22,0.81185126,1.4743676e-17,0.1753572
61,5yj5,A,139, ,I,,,17,13,-1.55,3.093,H,-1.239,-0.547,2.131,0.393,0.816,A,212, ,Q,,,14,19,-1.256,-0.599,H,0.931,-0.179,-3.005,-0.503,-1.853,0.052770898,7.2693e-26,2.1112819e-38,8.771438e-16,1.8550088e-08,0.9472291
62,5yj5,A,91, ,Q,,,4,4,-2.506,-0.095,H,0.931,-0.179,-3.005,-0.503,-1.853,A,94, ,G,,,3,4,-2.045,-2.78,H,-0.384,1.652,1.33,1.045,2.064,0.928237,8.244679e-15,7.232843e-23,9.143246e-14,2.2229407e-14,0.07176301
63,5yj5,A,136, ,R,,,18,6,-1.994,2.611,H,1.538,-0.055,1.502,0.44,2.897,A,213, ,M,,,27,11,-1.289,-0.909,H,-0.663,-1.524,2.219,-1.005,1.212,0.26118532,1.6403138e-23,2.8196705e-31,1.7479121e-14,1.2147747e-11,0.73881465
64,5yj5,A,130, ,L,,,13,14,-1.569,2.283,H,-1.019,-0.987,-1.505,1.266,-0.912,A,160, ,Q,,,8,26,-2.507,2.832,H,0.931,-0.179,-3.005,-0.503,-1.853,0.22318454,6.4997433e-19,1.0215956e-30,8.2073295e-19,1.7666243e-11,0.7768155
65,5yj5,A,168, ,E,,,16,2,-2.969,-2.996,H,1.357,-1.453,1.477,0.113,-0.837,A,171, ,N,,,13,7,-1.167,1.02,H,0.945,0.828,1.299,-0.169,0.933,0.042012066,3.9446407e-10,5.4759737e-18,1.9735012e-06,8.356823e-11,0.957986
66,5yj5,A,192, ,T,,,7,9,-1.421,-0.81,H,-0.032,0.326,2.213,0.908,1.313,A,195, ,G,,,0,12,1.826,-0.067,L,-0.384,1.652,1.33,1.045,2.064,0.9550026,2.4492412e-20,8.485918e-28,1.451651e-12,3.145799e-13,0.044997457
67,5yj5,A,175, ,F,,,20,17,-1.061,-1.016,H,-1.006,-0.59,1.891,-0.397,0.412,A,218, ,Y,,,21,16,-0.863,-0.55,H,0.26,0.83,3.097,-0.838,1.512,0.6277069,2.6501117e-17,1.8983037e-17,0.16032577,1.9599836e-12,0.21196736
68,5yj5,A,205, ,M,,,21,15,-0.811,-1.013,H,-0.663,-1.524,2.219,-1.005,1.212,A,208, ,R,,,11,23,-1.287,-1.083,H,1.538,-0.055,1.502,0.44,2.897,0.40053293,3.1160914e-09,4.538771e-18,1.0198124e-17,3.273368e-13,0.59946704
69,5yj5,A,210, ,V,,,24,18,-1.132,-1.146,H,-1.337,-0.279,-0.544,1.242,-1.262,A,214, ,C,,,25,22,-0.916,-0.767,H,-1.343,0.465,-0.862,-1.02,-0.255,0.20668846,1.6163784e-07,1.1986907e-19,9.848515e-11,1.4001596e-06,0.79331
70,5yj5,A,222, ,S,,,10,13,-0.782,-0.9,H,-0.228,1.399,-4.76,0.67,-2.647,A,225, ,Y,,,10,8,-1.321,-0.79,H,0.26,0.83,3.097,-0.838,1.512,0.08838077,5.7776667e-17,3.0841441e-21,1.6300654e-11,7.9181086e-07,0.9116184
71,5yj5,A,162, ,Y,,,13,23,-1.639,2.613,H,0.26,0.83,3.097,-0.838,1.512,A,183, ,T,,,27,11,-0.794,-0.693,H,-0.032,0.326,2.213,0.908,1.313,0.803239,3.770272e-21,1.6855638e-23,4.6045646e-11,4.5241969e-10,0.19676101
72,5yj5,A,132, ,S,,,5,15,-2.231,-3.142,H,-0.228,1.399,-4.76,0.67,-2.647,A,217, ,Q,,,21,13,-1.131,-0.826,H,0.931,-0.179,-3.005,-0.503,-1.853,0.98178804,6.6681743e-22,4.208035e-30,1.0547124e-22,5.573658e-22,0.018212026
73,5yj5,A,146, ,E,,,14,11,-0.973,-0.965,H,1.357,-1.453,1.477,0.113,-0.837,A,149, ,Y,,,17,10,-0.777,-0.873,H,0.26,0.83,3.097,-0.838,1.512,0.35876104,1.3688481e-17,8.653444e-22,2.0483233e-12,4.4764467e-10,0.641239
74,5yj5,A,158, ,P,,,26,14,-0.681,1.755,H,0.189,2.081,-1.628,0.421,-1.392,A,187, ,H,,,18,12,-1.199,-0.433,H,0.336,-0.417,-1.673,-1.474,-0.078,0.0598435,8.5685745e-26,0.0,1.2048884e-31,2.0098103e-17,0.94015646
75,5yj5,A,129, ,M,,,7,14,-1.94,2.278,H,-0.663,-1.524,2.219,-1.005,1.212,A,163, ,Y,,,25,12,-3.096,3.101,H,0.26,0.83,3.097,-0.838,1.512,0.27705726,7.318952e-14,6.859149e-32,1.5073306e-05,1.8199438e-08,0.72292763
76,5yj5,A,198, ,F,,,22,7,-1.323,2.221,H,-1.006,-0.59,1.891,-0.397,0.412,A,206, ,M,,,22,20,-0.946,-1.074,H,-0.663,-1.524,2.219,-1.005,1.212,0.018100021,2.445502e-25,0.0,1.6513012e-10,2.3489022e-10,0.9819
77,5yj5,A,131, ,G,,,17,7,-1.389,-1.91,H,-0.384,1.652,1.33,1.045,2.064,A,163, ,Y,,,25,12,-3.096,3.101,H,0.26,0.83,3.097,-0.838,1.512,0.1758828,2.951468e-23,1.2927992e-23,3.745701e-19,1.0885455e-17,0.8241172
78,5yj5,A,144, ,D,,,0,14,-1.346,-0.539,H,1.05,0.302,-3.656,-0.259,-3.242,A,148, ,R,,,3,16,-0.931,-0.962,H,1.538,-0.055,1.502,0.44,2.897,0.94398683,0.005605881,1.4829398e-08,1.7746896e-13,4.087227e-14,0.050407205
79,5yj5,A,207, ,E,,,12,26,-0.733,-0.792,H,1.357,-1.453,1.477,0.113,-0.837,A,210, ,V,,,24,18,-1.132,-1.146,H,-1.337,-0.279,-0.544,1.242,-1.262,0.98818994,1.3140645e-19,2.4945813e-25,1.0496259e-15,8.5530367e-19,0.011810088
80,5yj5,A,129, ,M,,,7,14,-1.94,2.278,H,-0.663,-1.524,2.219,-1.005,1.212,A,165, ,P,,,3,26,-0.734,2.917,H,0.189,2.081,-1.628,0.421,-1.392,0.3493967,7.4047647e-25,2.782087e-37,1.1965196e-22,7.630982e-20,0.6506033
81,5yj5,A,110, ,K,,,9,4,-1.071,2.353,H,1.831,-0.561,0.533,-0.277,1.648,A,142, ,G,,,6,10,2.399,0.281,L,-0.384,1.652,1.33,1.045,2.064,0.8092323,1.0009403e-21,5.9471286e-33,1.0620486e-24,2.1152383e-18,0.19076766
82,5yj5,A,198, ,F,,,22,7,-1.323,2.221,H,-1.006,-0.59,1.891,-0.397,0.412,A,202, ,D,,,14,19,-0.683,-0.889,H,1.05,0.302,-3.656,-0.259,-3.242,0.0066752727,1.5366639e-19,1.5484685e-26,2.949726e-10,1.5543188e-07,0.9933246
83,5yj5,A,139, ,I,,,17,13,-1.55,3.093,H,-1.239,-0.547,2.131,0.393,0.816,A,209, ,V,,,20,16,-0.817,-0.799,H,-1.337,-0.279,-0.544,1.242,-1.262,0.1848232,1.2838412e-14,8.014567e-28,4.9546223e-13,4.0502608e-05,0.81513625
84,5yj5,A,146, ,E,,,14,11,-0.973,-0.965,H,1.357,-1.453,1.477,0.113,-0.837,A,201, ,T,,,10,12,-0.918,-1.063,H,-0.032,0.326,2.213,0.908,1.313,0.5356501,4.6400926e-14,2.7378623e-28,1.0026524e-14,3.583658e-10,0.4643499
85,5yj5,A,158, ,P,,,26,14,-0.681,1.755,H,0.189,2.081,-1.628,0.421,-1.392,A,213, ,M,,,27,11,-1.289,-0.909,H,-0.663,-1.524,2.219,-1.005,1.212,0.15550105,1.4891386e-33,0.0,1.7511223e-27,1.3937769e-13,0.84449893
86,5yj5,A,206, ,M,,,22,20,-0.946,-1.074,H,-0.663,-1.524,2.219,-1.005,1.212,A,209, ,V,,,20,16,-0.817,-0.799,H,-1.337,-0.279,-0.544,1.242,-1.262,0.57795227,3.0705698e-07,9.493784e-10,1.45181e-09,1.5868869e-08,0.4220475
87,5yj5,A,224, ,A,,,8,9,-0.917,-0.541,H,-0.591,-1.302,-0.733,1.57,-0.146,A,228, ,R,,,6,5,-1.137,1.784,H,1.538,-0.055,1.502,0.44,2.897,0.38216475,1.2209449e-14,3.406736e-20,4.441103e-20,1.5970598e-18,0.6178352
88,5yj5,A,136, ,R,,,18,6,-1.994,2.611,H,1.538,-0.055,1.502,0.44,2.897,A,212, ,Q,,,14,19,-1.256,-0.599,H,0.931,-0.179,-3.005,-0.503,-1.853,0.30903095,6.755132e-11,3.048556e-32,1.5821245e-18,1.7587e-14,0.6909691
89,5yj5,A,219, ,E,,,7,14,-1.348,-1.033,H,1.357,-1.453,1.477,0.113,-0.837,A,222, ,S,,,10,13,-0.782,-0.9,H,-0.228,1.399,-4.76,0.67,-2.647,0.8231824,4.457009e-17,6.951185e-26,3.2870145e-20,5.0562e-16,0.17681758
90,5yj5,A,145, ,Y,,,4,11,-1.011,-0.964,H,0.26,0.83,3.097,-0.838,1.512,A,148, ,R,,,3,16,-0.931,-0.962,H,1.538,-0.055,1.502,0.44,2.897,0.6172594,3.0355183e-18,3.6211073e-10,2.7101114e-08,1.1702404e-15,0.38274062
91,5yj5,A,110, ,K,,,9,4,-1.071,2.353,H,1.831,-0.561,0.533,-0.277,1.648,A,141, ,F,,,18,7,-2.042,-0.677,H,-1.006,-0.59,1.891,-0.397,0.412,0.09019184,6.2579966e-25,4.169476e-38,4.569842e-19,1.6780031e-14,0.90980816
92,5yj5,A,180, ,V,,,21,18,-0.921,-0.681,H,-1.337,-0.279,-0.544,1.242,-1.262,A,210, ,V,,,24,18,-1.132,-1.146,H,-1.337,-0.279,-0.544,1.242,-1.262,0.44289568,7.306109e-12,2.897944e-27,1.5732615e-11,3.8318776e-06,0.5571005
93,5yj5,A,127, ,G,,,12,7,-2.862,0.888,H,-0.384,1.652,1.33,1.045,2.064,A,164, ,R,,,14,18,-1.621,2.304,H,1.538,-0.055,1.502,0.44,2.897,0.5882591,1.2352667e-15,8.877909e-29,3.1686337e-21,7.254043e-21,0.41174084
94,5yj5,A,189, ,V,,,6,12,-0.968,-0.767,H,-1.337,-0.279,-0.544,1.242,-1.262,A,193, ,T,,,6,7,-0.97,-0.582,H,-0.032,0.326,2.213,0.908,1.313,0.40162784,3.9660454e-16,9.983415e-18,1.6247272e-09,4.0319737e-06,0.59836805
95,5yj5,A,199, ,T,,,6,12,-1.179,2.707,H,-0.032,0.326,2.213,0.908,1.313,A,202, ,D,,,14,19,-0.683,-0.889,H,1.05,0.302,-3.656,-0.259,-3.242,0.5923805,6.550018e-27,0.0,3.3149116e-25,1.2918299e-17,0.4076195
96,5yj5,A,191, ,T,,,14,6,-0.79,-0.625,H,-0.032,0.326,2.213,0.908,1.313,A,194, ,K,,,8,4,-1.531,-0.223,H,1.831,-0.561,0.533,-0.277,1.648,0.324177,6.70274e-18,2.090954e-29,1.2029178e-19,3.3400428e-17,0.675823
97,5yj5,A,176, ,V,,,16,20,-0.992,-0.836,H,-1.337,-0.279,-0.544,1.242,-1.262,A,180, ,V,,,21,18,-0.921,-0.681,H,-1.337,-0.279,-0.544,1.242,-1.262,0.93834436,4.2861236e-13,1.6837717e-23,1.1003766e-14,9.260526e-13,0.0616557
98,5yj5,A,220, ,R,,,9,10,-0.765,-0.865,H,1.538,-0.055,1.502,0.44,2.897,A,223, ,Q,,,4,12,-1.088,-0.795,H,0.931,-0.179,-3.005,-0.503,-1.853,0.74128336,4.3489304e-06,2.297366e-12,4.7311063e-14,2.637779e-12,0.25871226
99,5yj5,A,140, ,H,,,3,22,-2.388,2.462,H,0.336,-0.417,-1.673,-1.474,-0.078,A,147, ,D,,,4,17,-0.745,-0.875,H,1.05,0.302,-3.656,-0.259,-3.242,0.6362421,8.5467735e-07,1.2886528e-13,3.7831855e-13,4.4658905e-11,0.3637571
100,5yj5,A,202, ,D,,,14,19,-0.683,-0.889,H,1.05,0.302,-3.656,-0.259,-3.242,A,205, ,M,,,21,15,-0.811,-1.013,H,-0.663,-1.524,2.219,-1.005,1.212,0.7382553,7.570344e-25,4.758245e-33,5.541632e-15,1.0887615e-18,0.2617446
101,5yj5,A,217, ,Q,,,21,13,-1.131,-0.826,H,0.931,-0.179,-3.005,-0.503,-1.853,A,220, ,R,,,9,10,-0.765,-0.865,H,1.538,-0.055,1.502,0.44,2.897,0.58196944,3.152889e-20,1.1959409e-33,3.5068323e-16,2.0644952e-09,0.4180305
102,5yj5,A,208, ,R,,,11,23,-1.287,-1.083,H,1.538,-0.055,1.502,0.44,2.897,A,212, ,Q,,,14,19,-1.256,-0.599,H,0.931,-0.179,-3.005,-0.503,-1.853,0.07622701,1.2299776e-16,6.883329e-32,3.9603862e-09,5.906789e-10,0.923773
103,5yj5,A,150, ,Y,,,16,13,-0.909,-0.899,H,0.26,0.83,3.097,-0.838,1.512,A,205, ,M,,,21,15,-0.811,-1.013,H,-0.663,-1.524,2.219,-1.005,1.212,0.78274876,3.9108573e-22,1.5723168e-24,5.1823407e-10,4.1171608e-10,0.21725123
104,5yj5,A,217, ,Q,,,21,13,-1.131,-0.826,H,0.931,-0.179,-3.005,-0.503,-1.853,A,221, ,E,,,13,9,-1.213,-0.717,H,1.357,-1.453,1.477,0.113,-0.837,0.4171454,7.9890934e-19,0.0,8.0153953e-22,5.702422e-14,0.5828545
105,5yj5,A,191, ,T,,,14,6,-0.79,-0.625,H,-0.032,0.326,2.213,0.908,1.313,A,197, ,N,,,4,14,-3.081,1.719,H,0.945,0.828,1.299,-0.169,0.933,0.98296565,1.8391674e-10,1.1576421e-23,3.895305e-30,1.4610749e-25,0.017034335
106,5yj5,A,181, ,N,,,9,22,-0.845,-0.834,H,0.945,0.828,1.299,-0.169,0.933,A,184, ,I,,,20,17,-1.334,-0.672,H,-1.239,-0.547,2.131,0.393,0.816,0.59462756,4.493464e-26,1.542201e-28,6.596844e-07,8.367556e-12,0.40537181
107,5yj5,A,183, ,T,,,27,11,-0.794,-0.693,H,-0.032,0.326,2.213,0.908,1.313,A,210, ,V,,,24,18,-1.132,-1.146,H,-1.337,-0.279,-0.544,1.242,-1.262,0.016061839,1.6209577e-09,2.3134723e-23,2.9163028e-05,0.029213483,0.9546954
108,5yj5,A,184, ,I,,,20,17,-1.334,-0.672,H,-1.239,-0.547,2.131,0.393,0.816,A,206, ,M,,,22,20,-0.946,-1.074,H,-0.663,-1.524,2.219,-1.005,1.212,0.8737761,6.7656075e-23,3.738703e-31,3.315452e-18,7.190993e-17,0.1262239
109,5yj5,A,161, ,V,,,25,17,-2.597,2.357,H,-1.337,-0.279,-0.544,1.242,-1.262,A,213, ,M,,,27,11,-1.289,-0.909,H,-0.663,-1.524,2.219,-1.005,1.212,0.0009735967,8.8659525e-24,1.1887691e-31,4.062697e-29,8.132742e-19,0.9990264
110,5yj5,A,141, ,F,,,18,7,-2.042,-0.677,H,-1.006,-0.59,1.891,-0.397,0.412,A,204, ,K,,,10,17,-0.909,-0.907,H,1.831,-0.561,0.533,-0.277,1.648,0.23064063,2.171195e-09,2.4477533e-15,2.8957286e-11,1.3052284e-09,0.76935935
111,5yj5,A,220, ,R,,,9,10,-0.765,-0.865,H,1.538,-0.055,1.502,0.44,2.897,A,224, ,A,,,8,9,-0.917,-0.541,H,-0.591,-1.302,-0.733,1.57,-0.146,0.8481384,7.459583e-12,6.313918e-10,1.7848406e-13,3.0041043e-14,0.15186162
112,5yj5,A,174, ,N,,,10,17,-1.203,-0.572,H,0.945,0.828,1.299,-0.169,0.933,A,177, ,H,,,12,22,-0.83,-1.1,H,0.336,-0.417,-1.673,-1.474,-0.078,0.52613914,6.5489585e-23,3.5628072e-31,4.70373e-09,6.4637857e-13,0.4738609
113,5yj5,A,225, ,Y,,,10,8,-1.321,-0.79,H,0.26,0.83,3.097,-0.838,1.512,A,228, ,R,,,6,5,-1.137,1.784,H,1.538,-0.055,1.502,0.44,2.897,0.6151251,5.0606226e-13,1.1780417e-17,9.576044e-10,8.858643e-13,0.3848749
114,5yj5,A,206, ,M,,,22,20,-0.946,-1.074,H,-0.663,-1.524,2.219,-1.005,1.212,A,210, ,V,,,24,18,-1.132,-1.146,H,-1.337,-0.279,-0.544,1.242,-1.262,0.8391242,3.6580836e-11,5.5695147e-14,5.5369535e-11,4.808944e-12,0.16087581
115,5yj5,A,203, ,V,,,12,19,-1.085,-0.8,H,-1.337,-0.279,-0.544,1.242,-1.262,A,207, ,E,,,12,26,-0.733,-0.792,H,1.357,-1.453,1.477,0.113,-0.837,0.93894535,1.1555031e-17,2.3843589e-27,1.3059073e-13,8.996982e-16,0.06105462
116,5yj5,A,146, ,E,,,14,11,-0.973,-0.965,H,1.357,-1.453,1.477,0.113,-0.837,A,150, ,Y,,,16,13,-0.909,-0.899,H,0.26,0.83,3.097,-0.838,1.512,0.4521997,1.7575333e-16,1.1576252e-22,2.025802e-11,2.9089886e-10,0.54780036
117,5yj5,A,179, ,C,,,26,13,-1.279,-1.098,H,-1.343,0.465,-0.862,-1.02,-0.255,A,214, ,C,,,25,22,-0.916,-0.767,H,-1.343,0.465,-0.862,-1.02,-0.255,0.00014796352,2.457602e-07,3.330539e-30,1.5635078e-14,0.23877713,0.76107454
118,5yj5,A,168, ,E,,,16,2,-2.969,-2.996,H,1.357,-1.453,1.477,0.113,-0.837,A,172, ,Q,,,9,16,-1.319,-0.691,H,0.931,-0.179,-3.005,-0.503,-1.853,2.6710428e-05,2.820047e-17,1.5158275e-24,3.601115e-09,3.9958824e-13,0.9999733
119,5yj5,A,209, ,V,,,20,16,-0.817,-0.799,H,-1.337,-0.279,-0.544,1.242,-1.262,A,213, ,M,,,27,11,-1.289,-0.909,H,-0.663,-1.524,2.219,-1.005,1.212,0.5984867,1.1572349e-25,3.543808e-23,2.2863914e-20,1.169191e-14,0.40151328
120,5yj5,A,146, ,E,,,14,11,-0.973,-0.965,H,1.357,-1.453,1.477,0.113,-0.837,A,205, ,M,,,21,15,-0.811,-1.013,H,-0.663,-1.524,2.219,-1.005,1.212,0.87469286,7.447374e-20,6.364181e-33,5.9775776e-15,2.3107662e-16,0.12530713
121,5yj5,A,136, ,R,,,18,6,-1.994,2.611,H,1.538,-0.055,1.502,0.44,2.897,A,220, ,R,,,9,10,-0.765,-0.865,H,1.538,-0.055,1.502,0.44,2.897,0.6840096,1.3287847e-21,4.183071e-23,5.637735e-20,1.4019555e-15,0.3159904
122,5yj5,A,212, ,Q,,,14,19,-1.256,-0.599,H,0.931,-0.179,-3.005,-0.503,-1.853,A,215, ,I,,,10,25,-1.166,-0.883,H,-1.239,-0.547,2.131,0.393,0.816,0.42474747,9.973599e-11,4.912611e-19,1.4137867e-06,2.2781885e-08,0.5752511
123,5yj5,A,177, ,H,,,12,22,-0.83,-1.1,H,0.336,-0.417,-1.673,-1.474,-0.078,A,181, ,N,,,9,22,-0.845,-0.834,H,0.945,0.828,1.299,-0.169,0.933,0.12380363,6.7781267e-20,1.0060989e-29,0.3096584,3.209081e-11,0.5665379
124,5yj5,A,171, ,N,,,13,7,-1.167,1.02,H,0.945,0.828,1.299,-0.169,0.933,A,174, ,N,,,10,17,-1.203,-0.572,H,0.945,0.828,1.299,-0.169,0.933,0.109934635,1.7699663e-20,2.4819753e-25,6.926887e-06,6.147713e-08,0.8900584
125,5yj5,A,148, ,R,,,3,16,-0.931,-0.962,H,1.538,-0.055,1.502,0.44,2.897,A,152, ,E,,,7,8,-1.387,-0.759,H,1.357,-1.453,1.477,0.113,-0.837,0.63505393,0.017141609,7.4874964e-33,2.2189706e-27,1.5500224e-23,0.3478045
126,5yj5,A,171, ,N,,,13,7,-1.167,1.02,H,0.945,0.828,1.299,-0.169,0.933,A,175, ,F,,,20,17,-1.061,-1.016,H,-1.006,-0.59,1.891,-0.397,0.412,0.08900364,1.1214683e-20,7.496346e-34,3.0663884e-08,1.1808809e-06,0.9109951
127,5yj5,A,150, ,Y,,,16,13,-0.909,-0.899,H,0.26,0.83,3.097,-0.838,1.512,A,153, ,N,,,13,8,-1.987,0.259,H,0.945,0.828,1.299,-0.169,0.933,0.2474669,4.9518367e-17,5.5093926e-27,0.020701503,1.5811952e-11,0.7318316
128,5yj5,A,201, ,T,,,10,12,-0.918,-1.063,H,-0.032,0.326,2.213,0.908,1.313,A,204, ,K,,,10,17,-0.909,-0.907,H,1.831,-0.561,0.533,-0.277,1.648,0.75076836,1.1045899e-13,4.7529293e-18,4.773305e-15,8.926494e-14,0.24923162
129,5yj5,A,158, ,P,,,26,14,-0.681,1.755,H,0.189,2.081,-1.628,0.421,-1.392,A,209, ,V,,,20,16,-0.817,-0.799,H,-1.337,-0.279,-0.544,1.242,-1.262,0.07028456,2.6437062e-14,6.4970154e-24,1.740604e-14,0.00096171215,0.92875373
130,5yj5,A,166, ,M,,,10,19,-0.749,-0.497,H,-0.663,-1.524,2.219,-1.005,1.212,A,221, ,E,,,13,9,-1.213,-0.717,H,1.357,-1.453,1.477,0.113,-0.837,0.33652148,3.8198288e-13,0.0,2.4235513e-25,2.2792113e-16,0.6634785
131,5yj5,A,150, ,Y,,,16,13,-0.909,-0.899,H,0.26,0.83,3.097,-0.838,1.512,A,154, ,M,,,11,11,-0.898,-1.065,H,-0.663,-1.524,2.219,-1.005,1.212,0.39353797,7.957055e-20,2.5383541e-26,9.041076e-10,1.3332564e-06,0.60646075
132,5yj5,A,223, ,Q,,,4,12,-1.088,-0.795,H,0.931,-0.179,-3.005,-0.503,-1.853,A,227, ,Q,,,5,6,-1.518,-0.53,H,0.931,-0.179,-3.005,-0.503,-1.853,0.6172855,3.6151434e-15,5.7436004e-24,3.8242925e-19,3.5739203e-14,0.3827145
133,5yj5,A,136, ,R,,,18,6,-1.994,2.611,H,1.538,-0.055,1.502,0.44,2.897,A,216, ,T,,,17,13,-0.773,-1.022,H,-0.032,0.326,2.213,0.908,1.313,0.49738616,2.6614301e-17,1.4347334e-30,3.614746e-21,2.9787175e-09,0.5026139
134,5yj5,A,138, ,I,,,13,17,-1.227,2.765,H,-1.239,-0.547,2.131,0.393,0.816,A,154, ,M,,,11,11,-0.898,-1.065,H,-0.663,-1.524,2.219,-1.005,1.212,0.11945237,1.1151713e-19,1.3489949e-22,6.3747225e-14,1.04080765e-10,0.8805476
135,5yj5,A,202, ,D,,,14,19,-0.683,-0.889,H,1.05,0.302,-3.656,-0.259,-3.242,A,206, ,M,,,22,20,-0.946,-1.074,H,-0.663,-1.524,2.219,-1.005,1.212,0.9608177,3.4207568e-23,0.0,1.807016e-18,5.8502382e-24,0.039182313
136,5yj5,A,149, ,Y,,,17,10,-0.777,-0.873,H,0.26,0.83,3.097,-0.838,1.512,A,199, ,T,,,6,12,-1.179,2.707,H,-0.032,0.326,2.213,0.908,1.313,0.74663824,1.5537705e-18,4.701991e-22,6.7412964e-10,1.6574203e-13,0.25336176
137,5yj5,A,181, ,N,,,9,22,-0.845,-0.834,H,0.945,0.828,1.299,-0.169,0.933,A,185, ,K,,,7,17,-1.02,-0.69,H,1.831,-0.561,0.533,-0.277,1.648,0.5351336,8.008794e-17,5.399083e-19,3.3894266e-11,1.8736707e-10,0.4648664
138,5yj5,A,143, ,S,,,10,6,-2.465,2.645,H,-0.228,1.399,-4.76,0.67,-2.647,A,147, ,D,,,4,17,-0.745,-0.875,H,1.05,0.302,-3.656,-0.259,-3.242,0.7197313,3.6915217e-19,1.4630266e-23,2.6314037e-14,2.6192032e-12,0.2802688
139,5yj5,A,182, ,I,,,16,16,-1.368,-0.884,H,-1.239,-0.547,2.131,0.393,0.816,A,186, ,Q,,,10,15,-1.339,-0.826,H,0.931,-0.179,-3.005,-0.503,-1.853,0.72625494,1.0855721e-17,1.311026e-22,2.672147e-11,5.2112464e-10,0.27374497
140,5yj5,A,226, ,Y,,,5,8,-0.908,-0.622,H,0.26,0.83,3.097,-0.838,1.512,A,231, ,S,,,0,9,-1.649,,,-0.228,1.399,-4.76,0.67,-2.647,0.8918887,4.8799103e-12,5.8237696e-08,3.5095848e-14,5.852047e-17,0.10811127
141,5yj5,A,173, ,N,,,2,20,-1.289,-0.685,H,0.945,0.828,1.299,-0.169,0.933,A,177, ,H,,,12,22,-0.83,-1.1,H,0.336,-0.417,-1.673,-1.474,-0.078,0.71084356,1.843224e-24,2.8440415e-28,7.135342e-13,5.766537e-18,0.2891564
142,5yj5,A,176, ,V,,,16,20,-0.992,-0.836,H,-1.337,-0.279,-0.544,1.242,-1.262,A,211, ,E,,,11,27,-0.736,-0.606,H,1.357,-1.453,1.477,0.113,-0.837,0.89163923,7.230217e-14,6.0399214e-25,4.6606704e-14,9.340419e-15,0.10836072
143,5yj5,A,215, ,I,,,10,25,-1.166,-0.883,H,-1.239,-0.547,2.131,0.393,0.816,A,219, ,E,,,7,14,-1.348,-1.033,H,1.357,-1.453,1.477,0.113,-0.837,0.009429949,1.9162031e-23,0.0,5.5019394e-14,2.0670386e-08,0.99057007
144,5yj5,A,188, ,T,,,13,14,-1.439,-0.987,H,-0.032,0.326,2.213,0.908,1.313,A,192, ,T,,,7,9,-1.421,-0.81,H,-0.032,0.326,2.213,0.908,1.313,0.92477214,8.304072e-15,3.844274e-16,1.6262734e-11,1.3190125e-11,0.075227834
145,5yj5,A,214, ,C,,,25,22,-0.916,-0.767,H,-1.343,0.465,-0.862,-1.02,-0.255,A,217, ,Q,,,21,13,-1.131,-0.826,H,0.931,-0.179,-3.005,-0.503,-1.853,0.008553122,2.65309e-22,0.0,1.5222827e-12,0.005795418,0.9856515
146,5yj5,A,149, ,Y,,,17,10,-0.777,-0.873,H,0.26,0.83,3.097,-0.838,1.512,A,202, ,D,,,14,19,-0.683,-0.889,H,1.05,0.302,-3.656,-0.259,-3.242,0.09752568,3.087937e-10,1.5285648e-20,6.06286e-11,1.3975666e-07,0.9024742
147,5yj5,A,150, ,Y,,,16,13,-0.909,-0.899,H,0.26,0.83,3.097,-0.838,1.512,A,208, ,R,,,11,23,-1.287,-1.083,H,1.538,-0.055,1.502,0.44,2.897,0.11285343,4.912645e-18,6.155995e-23,3.5273588e-06,4.136733e-08,0.887143
148,5yj5,A,172, ,Q,,,9,16,-1.319,-0.691,H,0.931,-0.179,-3.005,-0.503,-1.853,A,218, ,Y,,,21,16,-0.863,-0.55,H,0.26,0.83,3.097,-0.838,1.512,0.9646087,3.2151964e-17,3.6331655e-16,1.3993778e-12,4.1802763e-18,0.035391204
149,5yj5,A,141, ,F,,,18,7,-2.042,-0.677,H,-1.006,-0.59,1.891,-0.397,0.412,A,146, ,E,,,14,11,-0.973,-0.965,H,1.357,-1.453,1.477,0.113,-0.837,0.36227614,1.2192562e-10,3.0441818e-18,5.4531008e-11,5.8484023e-08,0.6377238
150,5yj5,A,209, ,V,,,20,16,-0.817,-0.799,H,-1.337,-0.279,-0.544,1.242,-1.262,A,212, ,Q,,,14,19,-1.256,-0.599,H,0.931,-0.179,-3.005,-0.503,-1.853,0.37598076,4.6340167e-13,9.796875e-18,4.8724614e-12,4.9247284e-08,0.62401915
151,5yj5,A,166, ,M,,,10,19,-0.749,-0.497,H,-0.663,-1.524,2.219,-1.005,1.212,A,224, ,A,,,8,9,-0.917,-0.541,H,-0.591,-1.302,-0.733,1.57,-0.146,0.31975743,2.1844042e-11,8.985026e-20,3.2472075e-18,2.871373e-11,0.6802426
152,5yj5,A,138, ,I,,,13,17,-1.227,2.765,H,-1.239,-0.547,2.131,0.393,0.816,A,147, ,D,,,4,17,-0.745,-0.875,H,1.05,0.302,-3.656,-0.259,-3.242,0.2894513,7.651365e-23,2.5275459e-30,1.0435458e-15,1.6615215e-10,0.71054864
153,5yj5,A,134, ,M,,,18,7,-2.309,2.246,H,-0.663,-1.524,2.219,-1.005,1.212,A,157, ,Y,,,22,12,-1.05,2.208,H,0.26,0.83,3.097,-0.838,1.512,0.0370334,7.1621905e-12,3.0129555e-16,0.00035684044,6.891072e-08,0.96260965
154,5yj5,A,129, ,M,,,7,14,-1.94,2.278,H,-0.663,-1.524,2.219,-1.005,1.212,A,162, ,Y,,,13,23,-1.639,2.613,H,0.26,0.83,3.097,-0.838,1.512,0.0899448,2.3099483e-14,1.2914639e-20,6.9670255e-06,2.8912356e-10,0.91004825
155,5yj5,A,162, ,Y,,,13,23,-1.639,2.613,H,0.26,0.83,3.097,-0.838,1.512,A,179, ,C,,,26,13,-1.279,-1.098,H,-1.343,0.465,-0.862,-1.02,-0.255,0.67293876,8.461108e-24,2.1939537e-27,6.312182e-08,8.067054e-10,0.32706112
156,5yj5,A,198, ,F,,,22,7,-1.323,2.221,H,-1.006,-0.59,1.891,-0.397,0.412,A,203, ,V,,,12,19,-1.085,-0.8,H,-1.337,-0.279,-0.544,1.242,-1.262,0.20549214,3.5870442e-16,2.3884266e-26,2.7402088e-08,0.0010819634,0.7934259
157,5yj5,A,179, ,C,,,26,13,-1.279,-1.098,H,-1.343,0.465,-0.862,-1.02,-0.255,A,183, ,T,,,27,11,-0.794,-0.693,H,-0.032,0.326,2.213,0.908,1.313,0.95437044,4.828198e-17,1.0795729e-21,9.259705e-18,1.012732e-07,0.0456294
158,5yj5,A,187, ,H,,,18,12,-1.199,-0.433,H,0.336,-0.417,-1.673,-1.474,-0.078,A,190, ,T,,,6,10,-1.091,-0.883,H,-0.032,0.326,2.213,0.908,1.313,0.721802,1.1557536e-14,7.008362e-17,0.0015309305,4.1884967e-08,0.276667
159,5yj5,A,224, ,A,,,8,9,-0.917,-0.541,H,-0.591,-1.302,-0.733,1.57,-0.146,A,227, ,Q,,,5,6,-1.518,-0.53,H,0.931,-0.179,-3.005,-0.503,-1.853,0.21944296,2.213713e-09,4.9868438e-20,9.967194e-15,4.656021e-13,0.78055704
160,5yj5,A,158, ,P,,,26,14,-0.681,1.755,H,0.189,2.081,-1.628,0.421,-1.392,A,210, ,V,,,24,18,-1.132,-1.146,H,-1.337,-0.279,-0.544,1.242,-1.262,0.039382562,6.079156e-15,2.4359273e-28,3.6033454e-16,0.03213552,0.9284819
161,5yj5,A,163, ,Y,,,25,12,-3.096,3.101,H,0.26,0.83,3.097,-0.838,1.512,A,179, ,C,,,26,13,-1.279,-1.098,H,-1.343,0.465,-0.862,-1.02,-0.255,0.015186907,2.4586372e-15,9.282963e-18,9.9708495e-06,2.256288e-08,0.9848031
162,5yj5,A,180, ,V,,,21,18,-0.921,-0.681,H,-1.337,-0.279,-0.544,1.242,-1.262,A,214, ,C,,,25,22,-0.916,-0.767,H,-1.343,0.465,-0.862,-1.02,-0.255,0.3401545,1.2666039e-10,4.967627e-23,4.810371e-13,7.1220527e-09,0.65984553
163,5yj5,A,222, ,S,,,10,13,-0.782,-0.9,H,-0.228,1.399,-4.76,0.67,-2.647,A,226, ,Y,,,5,8,-0.908,-0.622,H,0.26,0.83,3.097,-0.838,1.512,0.08438739,1.2794916e-16,2.3937903e-31,3.3774617e-15,1.0827589e-09,0.9156126
164,5yj5,A,166, ,M,,,10,19,-0.749,-0.497,H,-0.663,-1.524,2.219,-1.005,1.212,A,218, ,Y,,,21,16,-0.863,-0.55,H,0.26,0.83,3.097,-0.838,1.512,0.61212045,5.6270785e-18,1.106062e-24,2.4789054e-08,4.3256373e-14,0.38787955
165,5yj5,A,204, ,K,,,10,17,-0.909,-0.907,H,1.831,-0.561,0.533,-0.277,1.648,A,207, ,E,,,12,26,-0.733,-0.792,H,1.357,-1.453,1.477,0.113,-0.837,0.8401644,0.00014891168,1.6912845e-30,8.416126e-20,8.230448e-14,0.15968665
166,5yj5,A,159, ,N,,,11,23,-1.683,0.468,H,0.945,0.828,1.299,-0.169,0.933,A,213, ,M,,,27,11,-1.289,-0.909,H,-0.663,-1.524,2.219,-1.005,1.212,0.28336647,3.4721844e-33,9.223747e-33,6.873342e-23,1.4182003e-22,0.7166335
167,5yj5,A,204, ,K,,,10,17,-0.909,-0.907,H,1.831,-0.561,0.533,-0.277,1.648,A,208, ,R,,,11,23,-1.287,-1.083,H,1.538,-0.055,1.502,0.44,2.897,0.9427101,3.6521677e-10,1.0183892e-27,1.9905507e-19,5.0021633e-19,0.057289906
168,5yj5,A,160, ,Q,,,8,26,-2.507,2.832,H,0.931,-0.179,-3.005,-0.503,-1.853,A,183, ,T,,,27,11,-0.794,-0.693,H,-0.032,0.326,2.213,0.908,1.313,0.5569116,1.4952507e-18,5.5627507e-22,8.458219e-19,3.1170614e-17,0.44308838
169,5yj5,A,158, ,P,,,26,14,-0.681,1.755,H,0.189,2.081,-1.628,0.421,-1.392,A,206, ,M,,,22,20,-0.946,-1.074,H,-0.663,-1.524,2.219,-1.005,1.212,0.01053084,5.427885e-24,2.4174653e-31,4.693957e-21,7.975491e-15,0.9894692
170,5yj5,A,214, ,C,,,25,22,-0.916,-0.767,H,-1.343,0.465,-0.862,-1.02,-0.255,A,218, ,Y,,,21,16,-0.863,-0.55,H,0.26,0.83,3.097,-0.838,1.512,0.01620562,2.596646e-28,0.0,1.9774138e-10,2.6605397e-07,0.98379415
171,5yj5,A,134, ,M,,,18,7,-2.309,2.246,H,-0.663,-1.524,2.219,-1.005,1.212,A,213, ,M,,,27,11,-1.289,-0.909,H,-0.663,-1.524,2.219,-1.005,1.212,0.0077023497,7.8422074e-16,2.3896168e-28,1.2701544e-10,2.976621e-10,0.9922976
172,5yj5,A,221, ,E,,,13,9,-1.213,-0.717,H,1.357,-1.453,1.477,0.113,-0.837,A,225, ,Y,,,10,8,-1.321,-0.79,H,0.26,0.83,3.097,-0.838,1.512,0.32682708,1.4131479e-13,5.768186e-17,5.981028e-06,2.3592813e-07,0.67316675
173,5yj5,A,132, ,S,,,5,15,-2.231,-3.142,H,-0.228,1.399,-4.76,0.67,-2.647,A,160, ,Q,,,8,26,-2.507,2.832,H,0.931,-0.179,-3.005,-0.503,-1.853,0.733089,2.384329e-10,2.0973095e-23,3.7248507e-15,2.79698e-13,0.266911
174,5yj5,A,137, ,P,,,2,18,-0.857,2.837,H,0.189,2.081,-1.628,0.421,-1.392,A,212, ,Q,,,14,19,-1.256,-0.599,H,0.931,-0.179,-3.005,-0.503,-1.853,0.2561317,1.017438e-30,0.0,1.0147782e-24,9.9993795e-17,0.7438683
175,5yj5,A,172, ,Q,,,9,16,-1.319,-0.691,H,0.931,-0.179,-3.005,-0.503,-1.853,A,176, ,V,,,16,20,-0.992,-0.836,H,-1.337,-0.279,-0.544,1.242,-1.262,0.94596887,8.7229635e-14,3.3860936e-23,3.5376116e-13,3.6884314e-14,0.05403115
176,5yj5,A,199, ,T,,,6,12,-1.179,2.707,H,-0.032,0.326,2.213,0.908,1.313,A,203, ,V,,,12,19,-1.085,-0.8,H,-1.337,-0.279,-0.544,1.242,-1.262,0.8053333,4.347516e-23,3.6510895e-29,9.4386555e-20,2.3512103e-17,0.19466665
177,5yj5,A,186, ,Q,,,10,15,-1.339,-0.826,H,0.931,-0.179,-3.005,-0.503,-1.853,A,189, ,V,,,6,12,-0.968,-0.767,H,-1.337,-0.279,-0.544,1.242,-1.262,0.39350432,3.5324094e-10,4.2072527e-17,3.3956822e-12,1.2122955e-06,0.6064945
178,5yj5,A,183, ,T,,,27,11,-0.794,-0.693,H,-0.032,0.326,2.213,0.908,1.313,A,186, ,Q,,,10,15,-1.339,-0.826,H,0.931,-0.179,-3.005,-0.503,-1.853,0.92021346,1.9764688e-15,1.2009379e-19,1.5693958e-11,1.1682491e-10,0.07978651
179,5yj5,A,174, ,N,,,10,17,-1.203,-0.572,H,0.945,0.828,1.299,-0.169,0.933,A,178, ,D,,,15,17,-1.174,-0.299,H,1.05,0.302,-3.656,-0.259,-3.242,0.8281373,2.913638e-07,1.1031956e-18,3.7647863e-14,1.01619485e-11,0.17186241
180,5yj5,A,130, ,L,,,13,14,-1.569,2.283,H,-1.019,-0.987,-1.505,1.266,-0.912,A,161, ,V,,,25,17,-2.597,2.357,H,-1.337,-0.279,-0.544,1.242,-1.262,0.5132202,6.3451546e-19,2.1305075e-26,3.103483e-16,3.445351e-14,0.48677978
181,5yj5,A,147, ,D,,,4,17,-0.745,-0.875,H,1.05,0.302,-3.656,-0.259,-3.242,A,150, ,Y,,,16,13,-0.909,-0.899,H,0.26,0.83,3.097,-0.838,1.512,0.7215041,1.14887075e-26,3.9482471e-28,1.3938875e-19,6.0048026e-22,0.27849588
182,5yj5,A,176, ,V,,,16,20,-0.992,-0.836,H,-1.337,-0.279,-0.544,1.242,-1.262,A,214, ,C,,,25,22,-0.916,-0.767,H,-1.343,0.465,-0.862,-1.02,-0.255,0.7386267,1.8418033e-15,1.3717785e-25,8.192863e-17,1.2112009e-16,0.26137325
183,5yj5,A,110, ,K,,,9,4,-1.071,2.353,H,1.831,-0.561,0.533,-0.277,1.648,A,146, ,E,,,14,11,-0.973,-0.965,H,1.357,-1.453,1.477,0.113,-0.837,0.69181794,0.0014043731,0.0,1.0673486e-28,1.414682e-20,0.3067777
184,5yj5,A,150, ,Y,,,16,13,-0.909,-0.899,H,0.26,0.83,3.097,-0.838,1.512,A,209, ,V,,,20,16,-0.817,-0.799,H,-1.337,-0.279,-0.544,1.242,-1.262,0.42641065,1.1251575e-09,7.5682754e-20,2.9545622e-09,0.0005302311,0.5730591
185,5yj5,A,184, ,I,,,20,17,-1.334,-0.672,H,-1.239,-0.547,2.131,0.393,0.816,A,210, ,V,,,24,18,-1.132,-1.146,H,-1.337,-0.279,-0.544,1.242,-1.262,0.5960624,3.6924287e-11,6.162994e-21,7.2443224e-10,1.527843e-08,0.40393758
186,5yj5,A,134, ,M,,,18,7,-2.309,2.246,H,-0.663,-1.524,2.219,-1.005,1.212,A,161, ,V,,,25,17,-2.597,2.357,H,-1.337,-0.279,-0.544,1.242,-1.262,0.1173283,4.6561598e-14,2.452654e-30,2.2445138e-14,4.7681095e-12,0.88267165
187,5yj5,A,161, ,V,,,25,17,-2.597,2.357,H,-1.337,-0.279,-0.544,1.242,-1.262,A,210, ,V,,,24,18,-1.132,-1.146,H,-1.337,-0.279,-0.544,1.242,-1.262,0.005488917,8.288672e-11,8.0041075e-26,1.740486e-17,1.7523028e-11,0.994511
188,5yj5,A,221, ,E,,,13,9,-1.213,-0.717,H,1.357,-1.453,1.477,0.113,-0.837,A,224, ,A,,,8,9,-0.917,-0.541,H,-0.591,-1.302,-0.733,1.57,-0.146,0.7201371,1.3965e-08,2.783178e-20,7.035514e-13,1.2531916e-10,0.27986282
189,5yj5,A,185, ,K,,,7,17,-1.02,-0.69,H,1.831,-0.561,0.533,-0.277,1.648,A,188, ,T,,,13,14,-1.439,-0.987,H,-0.032,0.326,2.213,0.908,1.313,0.949919,8.976344e-16,3.696652e-16,1.3742303e-11,7.031198e-15,0.050081063
190,5yj5,A,207, ,E,,,12,26,-0.733,-0.792,H,1.357,-1.453,1.477,0.113,-0.837,A,211, ,E,,,11,27,-0.736,-0.606,H,1.357,-1.453,1.477,0.113,-0.837,0.9226934,3.605145e-10,1.2657071e-38,3.711708e-19,6.9395842e-15,0.07730656
191,5yj5,A,138, ,I,,,13,17,-1.227,2.765,H,-1.239,-0.547,2.131,0.393,0.816,A,150, ,Y,,,16,13,-0.909,-0.899,H,0.26,0.83,3.097,-0.838,1.512,0.35111836,5.8017436e-17,1.0418948e-25,7.6730424e-07,4.1139361e-07,0.64888054
192,5yj5,A,137, ,P,,,2,18,-0.857,2.837,H,0.189,2.081,-1.628,0.421,-1.392,A,209, ,V,,,20,16,-0.817,-0.799,H,-1.337,-0.279,-0.544,1.242,-1.262,0.98208755,1.02140425e-30,5.54013e-34,1.3567002e-25,6.1755334e-20,0.017912395
193,5yj5,A,210, ,V,,,24,18,-1.132,-1.146,H,-1.337,-0.279,-0.544,1.242,-1.262,A,213, ,M,,,27,11,-1.289,-0.909,H,-0.663,-1.524,2.219,-1.005,1.212,0.68370056,9.203669e-24,2.0640497e-28,8.010819e-24,3.0930716e-14,0.31629947
194,5yj5,A,162, ,Y,,,13,23,-1.639,2.613,H,0.26,0.83,3.097,-0.838,1.512,A,182, ,I,,,16,16,-1.368,-0.884,H,-1.239,-0.547,2.131,0.393,0.816,0.3011963,1.0795616e-11,8.573252e-15,0.03469378,6.5064036e-08,0.6641098
195,5yj5,A,225, ,Y,,,10,8,-1.321,-0.79,H,0.26,0.83,3.097,-0.838,1.512,A,230, ,S,,,5,4,-0.766,2.705,H,-0.228,1.399,-4.76,0.67,-2.647,0.6121336,5.1934244e-13,5.1555954e-20,1.8513766e-17,5.344527e-15,0.38786635
196,5yj5,A,178, ,D,,,15,17,-1.174,-0.299,H,1.05,0.302,-3.656,-0.259,-3.242,A,181, ,N,,,9,22,-0.845,-0.834,H,0.945,0.828,1.299,-0.169,0.933,0.37337658,1.1307882e-07,4.8421635e-11,1.4427449e-12,2.3435034e-09,0.6266233
197,5yj5,A,178, ,D,,,15,17,-1.174,-0.299,H,1.05,0.302,-3.656,-0.259,-3.242,A,182, ,I,,,16,16,-1.368,-0.884,H,-1.239,-0.547,2.131,0.393,0.816,0.7087191,3.1485652e-12,3.565781e-18,2.935722e-11,1.4643837e-12,0.2912809
198,5yj5,A,128, ,Y,,,13,12,-2.232,1.601,H,0.26,0.83,3.097,-0.838,1.512,A,179, ,C,,,26,13,-1.279,-1.098,H,-1.343,0.465,-0.862,-1.02,-0.255,0.90478206,1.709762e-19,5.9928718e-24,2.1786628e-08,3.544008e-09,0.095217995
199,5yj5,A,203, ,V,,,12,19,-1.085,-0.8,H,-1.337,-0.279,-0.544,1.242,-1.262,A,206, ,M,,,22,20,-0.946,-1.074,H,-0.663,-1.524,2.219,-1.005,1.212,0.9429395,6.457742e-25,6.388382e-31,2.6030006e-17,2.4403395e-21,0.057060413
200,5yj5,A,184, ,I,,,20,17,-1.334,-0.672,H,-1.239,-0.547,2.131,0.393,0.816,A,203, ,V,,,12,19,-1.085,-0.8,H,-1.337,-0.279,-0.544,1.242,-1.262,0.797421,5.215151e-16,6.001305e-21,1.320234e-10,5.7279674e-11,0.20257904
201,5yj5,A,153, ,N,,,13,8,-1.987,0.259,H,0.945,0.828,1.299,-0.169,0.933,A,157, ,Y,,,22,12,-1.05,2.208,H,0.26,0.83,3.097,-0.838,1.512,0.21743928,1.3528579e-19,4.599423e-14,6.4233475e-08,1.429241e-11,0.78256065
202,5yj5,A,144, ,D,,,0,14,-1.346,-0.539,H,1.05,0.302,-3.656,-0.259,-3.242,A,147, ,D,,,4,17,-0.745,-0.875,H,1.05,0.302,-3.656,-0.259,-3.242,0.94283026,8.343869e-17,1.1007667e-24,2.749572e-19,2.3551038e-17,0.057169676
203,5yj5,A,161, ,V,,,25,17,-2.597,2.357,H,-1.337,-0.279,-0.544,1.242,-1.262,A,179, ,C,,,26,13,-1.279,-1.098,H,-1.343,0.465,-0.862,-1.02,-0.255,0.004630485,4.8516306e-18,1.0757812e-26,1.7232584e-16,1.16173404e-10,0.9953695
204,5yj5,A,149, ,Y,,,17,10,-0.777,-0.873,H,0.26,0.83,3.097,-0.838,1.512,A,152, ,E,,,7,8,-1.387,-0.759,H,1.357,-1.453,1.477,0.113,-0.837,0.20442556,9.865083e-15,1.4284027e-36,4.0538878e-17,3.2476483e-11,0.79557437
205,5yj5,A,150, ,Y,,,16,13,-0.909,-0.899,H,0.26,0.83,3.097,-0.838,1.512,A,157, ,Y,,,22,12,-1.05,2.208,H,0.26,0.83,3.097,-0.838,1.512,0.04262963,3.0172312e-21,4.609575e-24,0.043241244,1.632297e-10,0.9141291
206,5yj5,A,189, ,V,,,6,12,-0.968,-0.767,H,-1.337,-0.279,-0.544,1.242,-1.262,A,192, ,T,,,7,9,-1.421,-0.81,H,-0.032,0.326,2.213,0.908,1.313,0.49207976,6.187322e-19,7.340455e-15,3.6839046e-10,1.2414204e-10,0.50792027
207,5yj5,A,211, ,E,,,11,27,-0.736,-0.606,H,1.357,-1.453,1.477,0.113,-0.837,A,214, ,C,,,25,22,-0.916,-0.767,H,-1.343,0.465,-0.862,-1.02,-0.255,0.80618733,6.256077e-22,1.6983613e-28,5.726007e-21,1.3057094e-22,0.19381267
208,5yj5,A,180, ,V,,,21,18,-0.921,-0.681,H,-1.337,-0.279,-0.544,1.242,-1.262,A,211, ,E,,,11,27,-0.736,-0.606,H,1.357,-1.453,1.477,0.113,-0.837,0.3522635,4.5610088e-10,4.942463e-22,3.162058e-16,5.3837663e-13,0.64773643
209,5yj5,A,176, ,V,,,16,20,-0.992,-0.836,H,-1.337,-0.279,-0.544,1.242,-1.262,A,215, ,I,,,10,25,-1.166,-0.883,H,-1.239,-0.547,2.131,0.393,0.816,0.8002037,4.4726e-16,1.2517145e-22,8.339499e-13,4.3717251e-13,0.19979629
210,5yj5,A,201, ,T,,,10,12,-0.918,-1.063,H,-0.032,0.326,2.213,0.908,1.313,A,205, ,M,,,21,15,-0.811,-1.013,H,-0.663,-1.524,2.219,-1.005,1.212,0.94518226,2.9614982e-26,1.6063447e-29,2.2148148e-13,2.5437961e-17,0.054817762
211,5yj5,A,145, ,Y,,,4,11,-1.011,-0.964,H,0.26,0.83,3.097,-0.838,1.512,A,149, ,Y,,,17,10,-0.777,-0.873,H,0.26,0.83,3.097,-0.838,1.512,0.69916,5.344231e-23,1.2668999e-29,0.05429516,1.2329256e-13,0.24654484
212,5yj5,A,130, ,L,,,13,14,-1.569,2.283,H,-1.019,-0.987,-1.505,1.266,-0.912,A,163, ,Y,,,25,12,-3.096,3.101,H,0.26,0.83,3.097,-0.838,1.512,0.2457922,8.0006597e-28,3.411949e-33,3.896632e-16,2.62966e-14,0.7542078
213,5yj5,A,180, ,V,,,21,18,-0.921,-0.681,H,-1.337,-0.279,-0.544,1.242,-1.262,A,184, ,I,,,20,17,-1.334,-0.672,H,-1.239,-0.547,2.131,0.393,0.816,0.6720741,1.9023203e-14,2.293736e-13,2.1429505e-12,8.9753655e-13,0.32792592
214,5yj5,A,180, ,V,,,21,18,-0.921,-0.681,H,-1.337,-0.279,-0.544,1.242,-1.262,A,207, ,E,,,12,26,-0.733,-0.792,H,1.357,-1.453,1.477,0.113,-0.837,0.53077656,1.0798829e-10,7.7353494e-22,1.0271459e-15,3.0847268e-13,0.4692235
215,5yj5,A,191, ,T,,,14,6,-0.79,-0.625,H,-0.032,0.326,2.213,0.908,1.313,A,196, ,E,,,9,5,-1.234,-2.858,H,1.357,-1.453,1.477,0.113,-0.837,0.49959967,3.6507596e-11,3.9088286e-29,1.7908928e-18,6.6139207e-16,0.50040036
216,5yj5,A,191, ,T,,,14,6,-0.79,-0.625,H,-0.032,0.326,2.213,0.908,1.313,A,198, ,F,,,22,7,-1.323,2.221,H,-1.006,-0.59,1.891,-0.397,0.412,0.2753404,1.3873468e-19,1.9728307e-14,2.0813707e-16,3.3098453e-16,0.7246596
217,5yj5,A,182, ,I,,,16,16,-1.368,-0.884,H,-1.239,-0.547,2.131,0.393,0.816,A,185, ,K,,,7,17,-1.02,-0.69,H,1.831,-0.561,0.533,-0.277,1.648,0.7380537,1.9454156e-17,1.0753859e-24,3.0231486e-12,3.238888e-09,0.26194632
218,5yj5,A,188, ,T,,,13,14,-1.439,-0.987,H,-0.032,0.326,2.213,0.908,1.313,A,198, ,F,,,22,7,-1.323,2.221,H,-1.006,-0.59,1.891,-0.397,0.412,0.8665276,1.3064511e-23,5.13725e-19,2.6075122e-15,4.8039367e-13,0.13347231
219,5yj5,A,166, ,M,,,10,19,-0.749,-0.497,H,-0.663,-1.524,2.219,-1.005,1.212,A,225, ,Y,,,10,8,-1.321,-0.79,H,0.26,0.83,3.097,-0.838,1.512,0.011071707,1.4120025e-24,0.0,0.0045211804,1.5381816e-13,0.98440707
220,5yj5,A,168, ,E,,,16,2,-2.969,-2.996,H,1.357,-1.453,1.477,0.113,-0.837,A,218, ,Y,,,21,16,-0.863,-0.55,H,0.26,0.83,3.097,-0.838,1.512,0.0059191384,5.492392e-12,3.8239536e-22,7.409084e-16,3.2841694e-20,0.99408084
221,5yj5,A,216, ,T,,,17,13,-0.773,-1.022,H,-0.032,0.326,2.213,0.908,1.313,A,219, ,E,,,7,14,-1.348,-1.033,H,1.357,-1.453,1.477,0.113,-0.837,0.49687406,2.1824327e-09,9.154458e-18,4.700746e-12,8.24381e-11,0.5031259
222,5yj5,A,131, ,G,,,17,7,-1.389,-1.91,H,-0.384,1.652,1.33,1.045,2.064,A,161, ,V,,,25,17,-2.597,2.357,H,-1.337,-0.279,-0.544,1.242,-1.262,0.0053103007,1.3265315e-10,2.7333488e-13,8.770556e-09,2.5691451e-09,0.9946897
223,5yj5,A,128, ,Y,,,13,12,-2.232,1.601,H,0.26,0.83,3.097,-0.838,1.512,A,178, ,D,,,15,17,-1.174,-0.299,H,1.05,0.302,-3.656,-0.259,-3.242,0.41141698,6.9196217e-13,4.652133e-16,1.057834e-17,2.470521e-13,0.588583
224,5yj5,A,188, ,T,,,13,14,-1.439,-0.987,H,-0.032,0.326,2.213,0.908,1.313,A,191, ,T,,,14,6,-0.79,-0.625,H,-0.032,0.326,2.213,0.908,1.313,0.39402795,4.8948177e-14,1.6307199e-18,3.2133718e-10,9.885312e-11,0.60597205
225,5yj5,A,141, ,F,,,18,7,-2.042,-0.677,H,-1.006,-0.59,1.891,-0.397,0.412,A,208, ,R,,,11,23,-1.287,-1.083,H,1.538,-0.055,1.502,0.44,2.897,0.02813437,5.282114e-10,6.1326604e-16,3.659844e-15,2.8959826e-14,0.97186565
226,5yj5,A,157, ,Y,,,22,12,-1.05,2.208,H,0.26,0.83,3.097,-0.838,1.512,A,213, ,M,,,27,11,-1.289,-0.909,H,-0.663,-1.524,2.219,-1.005,1.212,0.040439006,8.4096085e-30,3.2437447e-34,2.7817406e-18,6.2988755e-12,0.959561
227,5yj5,A,133, ,A,,,5,13,-1.42,2.526,H,-0.591,-1.302,-0.733,1.57,-0.146,A,159, ,N,,,11,23,-1.683,0.468,H,0.945,0.828,1.299,-0.169,0.933,0.38163066,3.7042436e-25,5.7189192e-30,3.407706e-19,2.2425078e-17,0.61836934
228,5yj5,A,187, ,H,,,18,12,-1.199,-0.433,H,0.336,-0.417,-1.673,-1.474,-0.078,A,198, ,F,,,22,7,-1.323,2.221,H,-1.006,-0.59,1.891,-0.397,0.412,0.34483144,1.2414203e-23,3.739904e-35,0.014819826,1.4128717e-11,0.64034873
229,5yj5,A,206, ,M,,,22,20,-0.946,-1.074,H,-0.663,-1.524,2.219,-1.005,1.212,A,211, ,E,,,11,27,-0.736,-0.606,H,1.357,-1.453,1.477,0.113,-0.837,0.38299483,8.815508e-07,8.877754e-22,1.1074106e-15,3.831175e-13,0.61700433
230,5yj5,A,167, ,D,,,6,12,-0.8,2.09,H,1.05,0.302,-3.656,-0.259,-3.242,A,175, ,F,,,20,17,-1.061,-1.016,H,-1.006,-0.59,1.891,-0.397,0.412,0.96083176,2.494179e-28,0.0,3.9091885e-23,1.740301e-21,0.039168186
231,5yj5,A,163, ,Y,,,25,12,-3.096,3.101,H,0.26,0.83,3.097,-0.838,1.512,A,217, ,Q,,,21,13,-1.131,-0.826,H,0.931,-0.179,-3.005,-0.503,-1.853,0.019376613,7.534714e-18,1.7573459e-20,9.031606e-11,5.2992492e-11,0.98062336
232,5yj5,A,164, ,R,,,14,18,-1.621,2.304,H,1.538,-0.055,1.502,0.44,2.897,A,218, ,Y,,,21,16,-0.863,-0.55,H,0.26,0.83,3.097,-0.838,1.512,0.47803125,2.8688602e-17,2.9532426e-15,4.4016266e-12,6.002025e-17,0.5219688
233,5yj5,A,128, ,Y,,,13,12,-2.232,1.601,H,0.26,0.83,3.097,-0.838,1.512,A,182, ,I,,,16,16,-1.368,-0.884,H,-1.239,-0.547,2.131,0.393,0.816,0.34465963,3.8772164e-14,1.6054793e-11,0.116472624,2.436889e-10,0.53886783
234,5yj5,A,187, ,H,,,18,12,-1.199,-0.433,H,0.336,-0.417,-1.673,-1.474,-0.078,A,191, ,T,,,14,6,-0.79,-0.625,H,-0.032,0.326,2.213,0.908,1.313,0.5296107,6.9686417e-16,5.8649028e-21,2.6125053e-07,1.5721005e-08,0.47038907
235,5yj5,A,177, ,H,,,12,22,-0.83,-1.1,H,0.336,-0.417,-1.673,-1.474,-0.078,A,180, ,V,,,21,18,-0.921,-0.681,H,-1.337,-0.279,-0.544,1.242,-1.262,0.9750421,4.0962797e-12,6.219222e-17,7.556245e-12,4.276203e-15,0.024957892
236,5yj5,A,175, ,F,,,20,17,-1.061,-1.016,H,-1.006,-0.59,1.891,-0.397,0.412,A,179, ,C,,,26,13,-1.279,-1.098,H,-1.343,0.465,-0.862,-1.02,-0.255,0.37067682,1.3682548e-11,4.4638293e-21,0.00019023045,0.074953645,0.5541793
237,5yj5,A,134, ,M,,,18,7,-2.309,2.246,H,-0.663,-1.524,2.219,-1.005,1.212,A,216, ,T,,,17,13,-0.773,-1.022,H,-0.032,0.326,2.213,0.908,1.313,0.0030692082,7.098931e-10,1.1243775e-22,1.0309394e-06,5.235447e-08,0.9969298
238,5yj5,A,134, ,M,,,18,7,-2.309,2.246,H,-0.663,-1.524,2.219,-1.005,1.212,A,217, ,Q,,,21,13,-1.131,-0.826,H,0.931,-0.179,-3.005,-0.503,-1.853,0.16011907,4.9526495e-15,4.370326e-25,2.1486883e-10,7.8906987e-10,0.83988094
239,5yj5,A,191, ,T,,,14,6,-0.79,-0.625,H,-0.032,0.326,2.213,0.908,1.313,A,195, ,G,,,0,12,1.826,-0.067,L,-0.384,1.652,1.33,1.045,2.064,0.99903405,2.3493153e-24,1.1876888e-26,1.0816574e-21,1.515637e-21,0.00096603023
240,5yj5,A,147, ,D,,,4,17,-0.745,-0.875,H,1.05,0.302,-3.656,-0.259,-3.242,A,151, ,R,,,5,14,-1.124,-0.354,H,1.538,-0.055,1.502,0.44,2.897,0.2867709,0.4938903,8.460098e-12,4.8832303e-14,1.1202702e-11,0.21933883
241,5yj5,A,128, ,Y,,,13,12,-2.232,1.601,H,0.26,0.83,3.097,-0.838,1.512,A,163, ,Y,,,25,12,-3.096,3.101,H,0.26,0.83,3.097,-0.838,1.512,0.15548857,6.299145e-20,8.529338e-33,0.35417384,1.14600635e-10,0.49033758
242,5yj5,A,218, ,Y,,,21,16,-0.863,-0.55,H,0.26,0.83,3.097,-0.838,1.512,A,221, ,E,,,13,9,-1.213,-0.717,H,1.357,-1.453,1.477,0.113,-0.837,0.16169877,2.0781085e-17,0.0,9.392244e-18,1.7276064e-10,0.83830124
243,5yj5,A,149, ,Y,,,17,10,-0.777,-0.873,H,0.26,0.83,3.097,-0.838,1.512,A,201, ,T,,,10,12,-0.918,-1.063,H,-0.032,0.326,2.213,0.908,1.313,0.6973561,1.853598e-13,1.813274e-15,6.9541937e-09,4.127979e-09,0.30264392
244,5yj5,A,138, ,I,,,13,17,-1.227,2.765,H,-1.239,-0.547,2.131,0.393,0.816,A,151, ,R,,,5,14,-1.124,-0.354,H,1.538,-0.055,1.502,0.44,2.897,0.39675486,2.9210109e-16,3.9149937e-14,1.7455138e-08,1.1340568e-08,0.6032451
245,5yj5,A,226, ,Y,,,5,8,-0.908,-0.622,H,0.26,0.83,3.097,-0.838,1.512,A,230, ,S,,,5,4,-0.766,2.705,H,-0.228,1.399,-4.76,0.67,-2.647,0.68095785,3.7164363e-14,3.8597877e-15,3.6845232e-16,3.7742574e-17,0.3190422
246,5yj5,A,160, ,Q,,,8,26,-2.507,2.832,H,0.931,-0.179,-3.005,-0.503,-1.853,A,213, ,M,,,27,11,-1.289,-0.909,H,-0.663,-1.524,2.219,-1.005,1.212,0.8487145,3.5779435e-21,6.3205884e-19,2.2413723e-19,1.9284929e-28,0.15128557
247,5yj5,A,161, ,V,,,25,17,-2.597,2.357,H,-1.337,-0.279,-0.544,1.242,-1.262,A,214, ,C,,,25,22,-0.916,-0.767,H,-1.343,0.465,-0.862,-1.02,-0.255,0.00471682,3.013746e-08,6.913004e-17,1.7455575e-11,1.0008907e-09,0.9952832
248,5yj5,A,215, ,I,,,10,25,-1.166,-0.883,H,-1.239,-0.547,2.131,0.393,0.816,A,218, ,Y,,,21,16,-0.863,-0.55,H,0.26,0.83,3.097,-0.838,1.512,0.3348057,3.537198e-19,4.491169e-32,0.0009989536,5.499382e-09,0.66419536
249,5yj5,A,133, ,A,,,5,13,-1.42,2.526,H,-0.591,-1.302,-0.733,1.57,-0.146,A,160, ,Q,,,8,26,-2.507,2.832,H,0.931,-0.179,-3.005,-0.503,-1.853,0.57423913,2.5066013e-29,3.2912448e-38,1.08131804e-20,1.8809183e-16,0.42576087
250,5yj5,A,110, ,K,,,9,4,-1.071,2.353,H,1.831,-0.561,0.533,-0.277,1.648,A,143, ,S,,,10,6,-2.465,2.645,H,-0.228,1.399,-4.76,0.67,-2.647,0.5718938,5.897104e-15,8.418826e-18,2.86629e-22,2.6793614e-22,0.42810622
251,5yj5,A,200, ,E,,,1,14,-0.751,-0.889,H,1.357,-1.453,1.477,0.113,-0.837,A,204, ,K,,,10,17,-0.909,-0.907,H,1.831,-0.561,0.533,-0.277,1.648,0.7482262,0.01936773,5.482639e-26,1.2748954e-21,3.0229574e-16,0.23240605
