pdb_id	s_ch	s_resi	s_ins	s_resn	s_ss8	s_rsa	s_up	s_down	s_phi	s_psi	s_ss3	s_a1	s_a2	s_a3	s_a4	s_a5	t_ch	t_resi	t_ins	t_resn	t_ss8	t_rsa	t_up	t_down	t_phi	t_psi	t_ss3	t_a1	t_a2	t_a3	t_a4	t_a5
5yj5	A	221	 	E			13	9	-1.213	-0.717	H	1.357	-1.453	1.477	0.113	-0.837	A	225	 	Y			10	8	-1.321	-0.79	H	0.26	0.83	3.097	-0.838	1.512
5yj5	A	200	 	E			1	14	-0.751	-0.889	H	1.357	-1.453	1.477	0.113	-0.837	A	204	 	K			10	17	-0.909	-0.907	H	1.831	-0.561	0.533	-0.277	1.648
5yj5	A	129	 	M			7	14	-1.94	2.278	H	-0.663	-1.524	2.219	-1.005	1.212	A	162	 	Y			13	23	-1.639	2.613	H	0.26	0.83	3.097	-0.838	1.512
5yj5	A	172	 	Q			9	16	-1.319	-0.691	H	0.931	-0.179	-3.005	-0.503	-1.853	A	175	 	F			20	17	-1.061	-1.016	H	-1.006	-0.59	1.891	-0.397	0.412
5yj5	A	184	 	I			20	17	-1.334	-0.672	H	-1.239	-0.547	2.131	0.393	0.816	A	187	 	H			18	12	-1.199	-0.433	H	0.336	-0.417	-1.673	-1.474	-0.078
5yj5	A	158	 	P			26	14	-0.681	1.755	H	0.189	2.081	-1.628	0.421	-1.392	A	209	 	V			20	16	-0.817	-0.799	H	-1.337	-0.279	-0.544	1.242	-1.262
5yj5	A	179	 	C			26	13	-1.279	-1.098	H	-1.343	0.465	-0.862	-1.02	-0.255	A	182	 	I			16	16	-1.368	-0.884	H	-1.239	-0.547	2.131	0.393	0.816
5yj5	A	220	 	R			9	10	-0.765	-0.865	H	1.538	-0.055	1.502	0.44	2.897	A	224	 	A			8	9	-0.917	-0.541	H	-0.591	-1.302	-0.733	1.57	-0.146
5yj5	A	191	 	T			14	6	-0.79	-0.625	H	-0.032	0.326	2.213	0.908	1.313	A	196	 	E			9	5	-1.234	-2.858	H	1.357	-1.453	1.477	0.113	-0.837
5yj5	A	149	 	Y			17	10	-0.777	-0.873	H	0.26	0.83	3.097	-0.838	1.512	A	205	 	M			21	15	-0.811	-1.013	H	-0.663	-1.524	2.219	-1.005	1.212
5yj5	A	180	 	V			21	18	-0.921	-0.681	H	-1.337	-0.279	-0.544	1.242	-1.262	A	184	 	I			20	17	-1.334	-0.672	H	-1.239	-0.547	2.131	0.393	0.816
5yj5	A	128	 	Y			13	12	-2.232	1.601	H	0.26	0.83	3.097	-0.838	1.512	A	179	 	C			26	13	-1.279	-1.098	H	-1.343	0.465	-0.862	-1.02	-0.255
5yj5	A	224	 	A			8	9	-0.917	-0.541	H	-0.591	-1.302	-0.733	1.57	-0.146	A	227	 	Q			5	6	-1.518	-0.53	H	0.931	-0.179	-3.005	-0.503	-1.853
5yj5	A	140	 	H			3	22	-2.388	2.462	H	0.336	-0.417	-1.673	-1.474	-0.078	A	147	 	D			4	17	-0.745	-0.875	H	1.05	0.302	-3.656	-0.259	-3.242
5yj5	A	212	 	Q			14	19	-1.256	-0.599	H	0.931	-0.179	-3.005	-0.503	-1.853	A	216	 	T			17	13	-0.773	-1.022	H	-0.032	0.326	2.213	0.908	1.313
5yj5	A	181	 	N			9	22	-0.845	-0.834	H	0.945	0.828	1.299	-0.169	0.933	A	184	 	I			20	17	-1.334	-0.672	H	-1.239	-0.547	2.131	0.393	0.816
5yj5	A	141	 	F			18	7	-2.042	-0.677	H	-1.006	-0.59	1.891	-0.397	0.412	A	204	 	K			10	17	-0.909	-0.907	H	1.831	-0.561	0.533	-0.277	1.648
5yj5	A	136	 	R			18	6	-1.994	2.611	H	1.538	-0.055	1.502	0.44	2.897	A	220	 	R			9	10	-0.765	-0.865	H	1.538	-0.055	1.502	0.44	2.897
5yj5	A	180	 	V			21	18	-0.921	-0.681	H	-1.337	-0.279	-0.544	1.242	-1.262	A	210	 	V			24	18	-1.132	-1.146	H	-1.337	-0.279	-0.544	1.242	-1.262
5yj5	A	192	 	T			7	9	-1.421	-0.81	H	-0.032	0.326	2.213	0.908	1.313	A	195	 	G			0	12	1.826	-0.067	L	-0.384	1.652	1.33	1.045	2.064
5yj5	A	217	 	Q			21	13	-1.131	-0.826	H	0.931	-0.179	-3.005	-0.503	-1.853	A	220	 	R			9	10	-0.765	-0.865	H	1.538	-0.055	1.502	0.44	2.897
5yj5	A	134	 	M			18	7	-2.309	2.246	H	-0.663	-1.524	2.219	-1.005	1.212	A	161	 	V			25	17	-2.597	2.357	H	-1.337	-0.279	-0.544	1.242	-1.262
5yj5	A	132	 	S			5	15	-2.231	-3.142	H	-0.228	1.399	-4.76	0.67	-2.647	A	217	 	Q			21	13	-1.131	-0.826	H	0.931	-0.179	-3.005	-0.503	-1.853
5yj5	A	186	 	Q			10	15	-1.339	-0.826	H	0.931	-0.179	-3.005	-0.503	-1.853	A	190	 	T			6	10	-1.091	-0.883	H	-0.032	0.326	2.213	0.908	1.313
5yj5	A	172	 	Q			9	16	-1.319	-0.691	H	0.931	-0.179	-3.005	-0.503	-1.853	A	176	 	V			16	20	-0.992	-0.836	H	-1.337	-0.279	-0.544	1.242	-1.262
5yj5	A	161	 	V			25	17	-2.597	2.357	H	-1.337	-0.279	-0.544	1.242	-1.262	A	210	 	V			24	18	-1.132	-1.146	H	-1.337	-0.279	-0.544	1.242	-1.262
5yj5	A	199	 	T			6	12	-1.179	2.707	H	-0.032	0.326	2.213	0.908	1.313	A	203	 	V			12	19	-1.085	-0.8	H	-1.337	-0.279	-0.544	1.242	-1.262
5yj5	A	138	 	I			13	17	-1.227	2.765	H	-1.239	-0.547	2.131	0.393	0.816	A	147	 	D			4	17	-0.745	-0.875	H	1.05	0.302	-3.656	-0.259	-3.242
5yj5	A	176	 	V			16	20	-0.992	-0.836	H	-1.337	-0.279	-0.544	1.242	-1.262	A	214	 	C			25	22	-0.916	-0.767	H	-1.343	0.465	-0.862	-1.02	-0.255
5yj5	A	214	 	C			25	22	-0.916	-0.767	H	-1.343	0.465	-0.862	-1.02	-0.255	A	218	 	Y			21	16	-0.863	-0.55	H	0.26	0.83	3.097	-0.838	1.512
5yj5	A	213	 	M			27	11	-1.289	-0.909	H	-0.663	-1.524	2.219	-1.005	1.212	A	217	 	Q			21	13	-1.131	-0.826	H	0.931	-0.179	-3.005	-0.503	-1.853
5yj5	A	130	 	L			13	14	-1.569	2.283	H	-1.019	-0.987	-1.505	1.266	-0.912	A	161	 	V			25	17	-2.597	2.357	H	-1.337	-0.279	-0.544	1.242	-1.262
5yj5	A	110	 	K			9	4	-1.071	2.353	H	1.831	-0.561	0.533	-0.277	1.648	A	146	 	E			14	11	-0.973	-0.965	H	1.357	-1.453	1.477	0.113	-0.837
5yj5	A	207	 	E			12	26	-0.733	-0.792	H	1.357	-1.453	1.477	0.113	-0.837	A	211	 	E			11	27	-0.736	-0.606	H	1.357	-1.453	1.477	0.113	-0.837
5yj5	A	187	 	H			18	12	-1.199	-0.433	H	0.336	-0.417	-1.673	-1.474	-0.078	A	198	 	F			22	7	-1.323	2.221	H	-1.006	-0.59	1.891	-0.397	0.412
5yj5	A	190	 	T			6	10	-1.091	-0.883	H	-0.032	0.326	2.213	0.908	1.313	A	193	 	T			6	7	-0.97	-0.582	H	-0.032	0.326	2.213	0.908	1.313
5yj5	A	218	 	Y			21	16	-0.863	-0.55	H	0.26	0.83	3.097	-0.838	1.512	A	222	 	S			10	13	-0.782	-0.9	H	-0.228	1.399	-4.76	0.67	-2.647
5yj5	A	205	 	M			21	15	-0.811	-1.013	H	-0.663	-1.524	2.219	-1.005	1.212	A	209	 	V			20	16	-0.817	-0.799	H	-1.337	-0.279	-0.544	1.242	-1.262
5yj5	A	171	 	N			13	7	-1.167	1.02	H	0.945	0.828	1.299	-0.169	0.933	A	174	 	N			10	17	-1.203	-0.572	H	0.945	0.828	1.299	-0.169	0.933
5yj5	A	179	 	C			26	13	-1.279	-1.098	H	-1.343	0.465	-0.862	-1.02	-0.255	A	214	 	C			25	22	-0.916	-0.767	H	-1.343	0.465	-0.862	-1.02	-0.255
5yj5	A	191	 	T			14	6	-0.79	-0.625	H	-0.032	0.326	2.213	0.908	1.313	A	198	 	F			22	7	-1.323	2.221	H	-1.006	-0.59	1.891	-0.397	0.412
5yj5	A	178	 	D			15	17	-1.174	-0.299	H	1.05	0.302	-3.656	-0.259	-3.242	A	182	 	I			16	16	-1.368	-0.884	H	-1.239	-0.547	2.131	0.393	0.816
5yj5	A	110	 	K			9	4	-1.071	2.353	H	1.831	-0.561	0.533	-0.277	1.648	A	142	 	G			6	10	2.399	0.281	L	-0.384	1.652	1.33	1.045	2.064
5yj5	A	161	 	V			25	17	-2.597	2.357	H	-1.337	-0.279	-0.544	1.242	-1.262	A	213	 	M			27	11	-1.289	-0.909	H	-0.663	-1.524	2.219	-1.005	1.212
5yj5	A	182	 	I			16	16	-1.368	-0.884	H	-1.239	-0.547	2.131	0.393	0.816	A	185	 	K			7	17	-1.02	-0.69	H	1.831	-0.561	0.533	-0.277	1.648
5yj5	A	191	 	T			14	6	-0.79	-0.625	H	-0.032	0.326	2.213	0.908	1.313	A	194	 	K			8	4	-1.531	-0.223	H	1.831	-0.561	0.533	-0.277	1.648
5yj5	A	136	 	R			18	6	-1.994	2.611	H	1.538	-0.055	1.502	0.44	2.897	A	213	 	M			27	11	-1.289	-0.909	H	-0.663	-1.524	2.219	-1.005	1.212
5yj5	A	164	 	R			14	18	-1.621	2.304	H	1.538	-0.055	1.502	0.44	2.897	A	218	 	Y			21	16	-0.863	-0.55	H	0.26	0.83	3.097	-0.838	1.512
5yj5	A	122	 	V			10	5	-2.622	-2.118	H	-1.337	-0.279	-0.544	1.242	-1.262	A	178	 	D			15	17	-1.174	-0.299	H	1.05	0.302	-3.656	-0.259	-3.242
5yj5	A	131	 	G			17	7	-1.389	-1.91	H	-0.384	1.652	1.33	1.045	2.064	A	163	 	Y			25	12	-3.096	3.101	H	0.26	0.83	3.097	-0.838	1.512
5yj5	A	134	 	M			18	7	-2.309	2.246	H	-0.663	-1.524	2.219	-1.005	1.212	A	216	 	T			17	13	-0.773	-1.022	H	-0.032	0.326	2.213	0.908	1.313
5yj5	A	166	 	M			10	19	-0.749	-0.497	H	-0.663	-1.524	2.219	-1.005	1.212	A	224	 	A			8	9	-0.917	-0.541	H	-0.591	-1.302	-0.733	1.57	-0.146
5yj5	A	168	 	E			16	2	-2.969	-2.996	H	1.357	-1.453	1.477	0.113	-0.837	A	172	 	Q			9	16	-1.319	-0.691	H	0.931	-0.179	-3.005	-0.503	-1.853
5yj5	A	180	 	V			21	18	-0.921	-0.681	H	-1.337	-0.279	-0.544	1.242	-1.262	A	207	 	E			12	26	-0.733	-0.792	H	1.357	-1.453	1.477	0.113	-0.837
5yj5	A	147	 	D			4	17	-0.745	-0.875	H	1.05	0.302	-3.656	-0.259	-3.242	A	151	 	R			5	14	-1.124	-0.354	H	1.538	-0.055	1.502	0.44	2.897
5yj5	A	168	 	E			16	2	-2.969	-2.996	H	1.357	-1.453	1.477	0.113	-0.837	A	218	 	Y			21	16	-0.863	-0.55	H	0.26	0.83	3.097	-0.838	1.512
5yj5	A	209	 	V			20	16	-0.817	-0.799	H	-1.337	-0.279	-0.544	1.242	-1.262	A	213	 	M			27	11	-1.289	-0.909	H	-0.663	-1.524	2.219	-1.005	1.212
5yj5	A	203	 	V			12	19	-1.085	-0.8	H	-1.337	-0.279	-0.544	1.242	-1.262	A	206	 	M			22	20	-0.946	-1.074	H	-0.663	-1.524	2.219	-1.005	1.212
5yj5	A	214	 	C			25	22	-0.916	-0.767	H	-1.343	0.465	-0.862	-1.02	-0.255	A	217	 	Q			21	13	-1.131	-0.826	H	0.931	-0.179	-3.005	-0.503	-1.853
5yj5	A	131	 	G			17	7	-1.389	-1.91	H	-0.384	1.652	1.33	1.045	2.064	A	161	 	V			25	17	-2.597	2.357	H	-1.337	-0.279	-0.544	1.242	-1.262
5yj5	A	206	 	M			22	20	-0.946	-1.074	H	-0.663	-1.524	2.219	-1.005	1.212	A	209	 	V			20	16	-0.817	-0.799	H	-1.337	-0.279	-0.544	1.242	-1.262
5yj5	A	206	 	M			22	20	-0.946	-1.074	H	-0.663	-1.524	2.219	-1.005	1.212	A	210	 	V			24	18	-1.132	-1.146	H	-1.337	-0.279	-0.544	1.242	-1.262
5yj5	A	168	 	E			16	2	-2.969	-2.996	H	1.357	-1.453	1.477	0.113	-0.837	A	175	 	F			20	17	-1.061	-1.016	H	-1.006	-0.59	1.891	-0.397	0.412
5yj5	A	198	 	F			22	7	-1.323	2.221	H	-1.006	-0.59	1.891	-0.397	0.412	A	202	 	D			14	19	-0.683	-0.889	H	1.05	0.302	-3.656	-0.259	-3.242
5yj5	A	137	 	P			2	18	-0.857	2.837	H	0.189	2.081	-1.628	0.421	-1.392	A	209	 	V			20	16	-0.817	-0.799	H	-1.337	-0.279	-0.544	1.242	-1.262
5yj5	A	184	 	I			20	17	-1.334	-0.672	H	-1.239	-0.547	2.131	0.393	0.816	A	188	 	T			13	14	-1.439	-0.987	H	-0.032	0.326	2.213	0.908	1.313
5yj5	A	215	 	I			10	25	-1.166	-0.883	H	-1.239	-0.547	2.131	0.393	0.816	A	218	 	Y			21	16	-0.863	-0.55	H	0.26	0.83	3.097	-0.838	1.512
5yj5	A	132	 	S			5	15	-2.231	-3.142	H	-0.228	1.399	-4.76	0.67	-2.647	A	160	 	Q			8	26	-2.507	2.832	H	0.931	-0.179	-3.005	-0.503	-1.853
5yj5	A	179	 	C			26	13	-1.279	-1.098	H	-1.343	0.465	-0.862	-1.02	-0.255	A	183	 	T			27	11	-0.794	-0.693	H	-0.032	0.326	2.213	0.908	1.313
5yj5	A	201	 	T			10	12	-0.918	-1.063	H	-0.032	0.326	2.213	0.908	1.313	A	204	 	K			10	17	-0.909	-0.907	H	1.831	-0.561	0.533	-0.277	1.648
5yj5	A	146	 	E			14	11	-0.973	-0.965	H	1.357	-1.453	1.477	0.113	-0.837	A	201	 	T			10	12	-0.918	-1.063	H	-0.032	0.326	2.213	0.908	1.313
5yj5	A	166	 	M			10	19	-0.749	-0.497	H	-0.663	-1.524	2.219	-1.005	1.212	A	218	 	Y			21	16	-0.863	-0.55	H	0.26	0.83	3.097	-0.838	1.512
5yj5	A	208	 	R			11	23	-1.287	-1.083	H	1.538	-0.055	1.502	0.44	2.897	A	211	 	E			11	27	-0.736	-0.606	H	1.357	-1.453	1.477	0.113	-0.837
5yj5	A	163	 	Y			25	12	-3.096	3.101	H	0.26	0.83	3.097	-0.838	1.512	A	217	 	Q			21	13	-1.131	-0.826	H	0.931	-0.179	-3.005	-0.503	-1.853
5yj5	A	184	 	I			20	17	-1.334	-0.672	H	-1.239	-0.547	2.131	0.393	0.816	A	206	 	M			22	20	-0.946	-1.074	H	-0.663	-1.524	2.219	-1.005	1.212
5yj5	A	166	 	M			10	19	-0.749	-0.497	H	-0.663	-1.524	2.219	-1.005	1.212	A	225	 	Y			10	8	-1.321	-0.79	H	0.26	0.83	3.097	-0.838	1.512
5yj5	A	191	 	T			14	6	-0.79	-0.625	H	-0.032	0.326	2.213	0.908	1.313	A	195	 	G			0	12	1.826	-0.067	L	-0.384	1.652	1.33	1.045	2.064
5yj5	A	187	 	H			18	12	-1.199	-0.433	H	0.336	-0.417	-1.673	-1.474	-0.078	A	191	 	T			14	6	-0.79	-0.625	H	-0.032	0.326	2.213	0.908	1.313
5yj5	A	222	 	S			10	13	-0.782	-0.9	H	-0.228	1.399	-4.76	0.67	-2.647	A	225	 	Y			10	8	-1.321	-0.79	H	0.26	0.83	3.097	-0.838	1.512
5yj5	A	141	 	F			18	7	-2.042	-0.677	H	-1.006	-0.59	1.891	-0.397	0.412	A	146	 	E			14	11	-0.973	-0.965	H	1.357	-1.453	1.477	0.113	-0.837
5yj5	A	204	 	K			10	17	-0.909	-0.907	H	1.831	-0.561	0.533	-0.277	1.648	A	208	 	R			11	23	-1.287	-1.083	H	1.538	-0.055	1.502	0.44	2.897
5yj5	A	158	 	P			26	14	-0.681	1.755	H	0.189	2.081	-1.628	0.421	-1.392	A	210	 	V			24	18	-1.132	-1.146	H	-1.337	-0.279	-0.544	1.242	-1.262
5yj5	A	191	 	T			14	6	-0.79	-0.625	H	-0.032	0.326	2.213	0.908	1.313	A	197	 	N			4	14	-3.081	1.719	H	0.945	0.828	1.299	-0.169	0.933
5yj5	A	141	 	F			18	7	-2.042	-0.677	H	-1.006	-0.59	1.891	-0.397	0.412	A	208	 	R			11	23	-1.287	-1.083	H	1.538	-0.055	1.502	0.44	2.897
5yj5	A	166	 	M			10	19	-0.749	-0.497	H	-0.663	-1.524	2.219	-1.005	1.212	A	221	 	E			13	9	-1.213	-0.717	H	1.357	-1.453	1.477	0.113	-0.837
5yj5	A	211	 	E			11	27	-0.736	-0.606	H	1.357	-1.453	1.477	0.113	-0.837	A	214	 	C			25	22	-0.916	-0.767	H	-1.343	0.465	-0.862	-1.02	-0.255
5yj5	A	138	 	I			13	17	-1.227	2.765	H	-1.239	-0.547	2.131	0.393	0.816	A	150	 	Y			16	13	-0.909	-0.899	H	0.26	0.83	3.097	-0.838	1.512
5yj5	A	219	 	E			7	14	-1.348	-1.033	H	1.357	-1.453	1.477	0.113	-0.837	A	223	 	Q			4	12	-1.088	-0.795	H	0.931	-0.179	-3.005	-0.503	-1.853
5yj5	A	128	 	Y			13	12	-2.232	1.601	H	0.26	0.83	3.097	-0.838	1.512	A	163	 	Y			25	12	-3.096	3.101	H	0.26	0.83	3.097	-0.838	1.512
5yj5	A	161	 	V			25	17	-2.597	2.357	H	-1.337	-0.279	-0.544	1.242	-1.262	A	179	 	C			26	13	-1.279	-1.098	H	-1.343	0.465	-0.862	-1.02	-0.255
5yj5	A	180	 	V			21	18	-0.921	-0.681	H	-1.337	-0.279	-0.544	1.242	-1.262	A	214	 	C			25	22	-0.916	-0.767	H	-1.343	0.465	-0.862	-1.02	-0.255
5yj5	A	176	 	V			16	20	-0.992	-0.836	H	-1.337	-0.279	-0.544	1.242	-1.262	A	179	 	C			26	13	-1.279	-1.098	H	-1.343	0.465	-0.862	-1.02	-0.255
5yj5	A	158	 	P			26	14	-0.681	1.755	H	0.189	2.081	-1.628	0.421	-1.392	A	213	 	M			27	11	-1.289	-0.909	H	-0.663	-1.524	2.219	-1.005	1.212
5yj5	A	188	 	T			13	14	-1.439	-0.987	H	-0.032	0.326	2.213	0.908	1.313	A	191	 	T			14	6	-0.79	-0.625	H	-0.032	0.326	2.213	0.908	1.313
5yj5	A	144	 	D			0	14	-1.346	-0.539	H	1.05	0.302	-3.656	-0.259	-3.242	A	148	 	R			3	16	-0.931	-0.962	H	1.538	-0.055	1.502	0.44	2.897
5yj5	A	177	 	H			12	22	-0.83	-1.1	H	0.336	-0.417	-1.673	-1.474	-0.078	A	211	 	E			11	27	-0.736	-0.606	H	1.357	-1.453	1.477	0.113	-0.837
5yj5	A	150	 	Y			16	13	-0.909	-0.899	H	0.26	0.83	3.097	-0.838	1.512	A	157	 	Y			22	12	-1.05	2.208	H	0.26	0.83	3.097	-0.838	1.512
5yj5	A	134	 	M			18	7	-2.309	2.246	H	-0.663	-1.524	2.219	-1.005	1.212	A	214	 	C			25	22	-0.916	-0.767	H	-1.343	0.465	-0.862	-1.02	-0.255
5yj5	A	225	 	Y			10	8	-1.321	-0.79	H	0.26	0.83	3.097	-0.838	1.512	A	230	 	S			5	4	-0.766	2.705	H	-0.228	1.399	-4.76	0.67	-2.647
5yj5	A	218	 	Y			21	16	-0.863	-0.55	H	0.26	0.83	3.097	-0.838	1.512	A	221	 	E			13	9	-1.213	-0.717	H	1.357	-1.453	1.477	0.113	-0.837
5yj5	A	161	 	V			25	17	-2.597	2.357	H	-1.337	-0.279	-0.544	1.242	-1.262	A	214	 	C			25	22	-0.916	-0.767	H	-1.343	0.465	-0.862	-1.02	-0.255
5yj5	A	187	 	H			18	12	-1.199	-0.433	H	0.336	-0.417	-1.673	-1.474	-0.078	A	206	 	M			22	20	-0.946	-1.074	H	-0.663	-1.524	2.219	-1.005	1.212
5yj5	A	203	 	V			12	19	-1.085	-0.8	H	-1.337	-0.279	-0.544	1.242	-1.262	A	207	 	E			12	26	-0.733	-0.792	H	1.357	-1.453	1.477	0.113	-0.837
5yj5	A	210	 	V			24	18	-1.132	-1.146	H	-1.337	-0.279	-0.544	1.242	-1.262	A	214	 	C			25	22	-0.916	-0.767	H	-1.343	0.465	-0.862	-1.02	-0.255
5yj5	A	220	 	R			9	10	-0.765	-0.865	H	1.538	-0.055	1.502	0.44	2.897	A	223	 	Q			4	12	-1.088	-0.795	H	0.931	-0.179	-3.005	-0.503	-1.853
5yj5	A	162	 	Y			13	23	-1.639	2.613	H	0.26	0.83	3.097	-0.838	1.512	A	182	 	I			16	16	-1.368	-0.884	H	-1.239	-0.547	2.131	0.393	0.816
5yj5	A	222	 	S			10	13	-0.782	-0.9	H	-0.228	1.399	-4.76	0.67	-2.647	A	226	 	Y			5	8	-0.908	-0.622	H	0.26	0.83	3.097	-0.838	1.512
5yj5	A	183	 	T			27	11	-0.794	-0.693	H	-0.032	0.326	2.213	0.908	1.313	A	187	 	H			18	12	-1.199	-0.433	H	0.336	-0.417	-1.673	-1.474	-0.078
5yj5	A	173	 	N			2	20	-1.289	-0.685	H	0.945	0.828	1.299	-0.169	0.933	A	176	 	V			16	20	-0.992	-0.836	H	-1.337	-0.279	-0.544	1.242	-1.262
5yj5	A	150	 	Y			16	13	-0.909	-0.899	H	0.26	0.83	3.097	-0.838	1.512	A	153	 	N			13	8	-1.987	0.259	H	0.945	0.828	1.299	-0.169	0.933
5yj5	A	175	 	F			20	17	-1.061	-1.016	H	-1.006	-0.59	1.891	-0.397	0.412	A	178	 	D			15	17	-1.174	-0.299	H	1.05	0.302	-3.656	-0.259	-3.242
5yj5	A	224	 	A			8	9	-0.917	-0.541	H	-0.591	-1.302	-0.733	1.57	-0.146	A	228	 	R			6	5	-1.137	1.784	H	1.538	-0.055	1.502	0.44	2.897
5yj5	A	150	 	Y			16	13	-0.909	-0.899	H	0.26	0.83	3.097	-0.838	1.512	A	208	 	R			11	23	-1.287	-1.083	H	1.538	-0.055	1.502	0.44	2.897
5yj5	A	141	 	F			18	7	-2.042	-0.677	H	-1.006	-0.59	1.891	-0.397	0.412	A	150	 	Y			16	13	-0.909	-0.899	H	0.26	0.83	3.097	-0.838	1.512
5yj5	A	135	 	S			1	21	-1.641	1.802	H	-0.228	1.399	-4.76	0.67	-2.647	A	157	 	Y			22	12	-1.05	2.208	H	0.26	0.83	3.097	-0.838	1.512
5yj5	A	173	 	N			2	20	-1.289	-0.685	H	0.945	0.828	1.299	-0.169	0.933	A	177	 	H			12	22	-0.83	-1.1	H	0.336	-0.417	-1.673	-1.474	-0.078
5yj5	A	219	 	E			7	14	-1.348	-1.033	H	1.357	-1.453	1.477	0.113	-0.837	A	222	 	S			10	13	-0.782	-0.9	H	-0.228	1.399	-4.76	0.67	-2.647
5yj5	A	192	 	T			7	9	-1.421	-0.81	H	-0.032	0.326	2.213	0.908	1.313	A	196	 	E			9	5	-1.234	-2.858	H	1.357	-1.453	1.477	0.113	-0.837
5yj5	A	127	 	G			12	7	-2.862	0.888	H	-0.384	1.652	1.33	1.045	2.064	A	164	 	R			14	18	-1.621	2.304	H	1.538	-0.055	1.502	0.44	2.897
5yj5	A	134	 	M			18	7	-2.309	2.246	H	-0.663	-1.524	2.219	-1.005	1.212	A	213	 	M			27	11	-1.289	-0.909	H	-0.663	-1.524	2.219	-1.005	1.212
5yj5	A	180	 	V			21	18	-0.921	-0.681	H	-1.337	-0.279	-0.544	1.242	-1.262	A	211	 	E			11	27	-0.736	-0.606	H	1.357	-1.453	1.477	0.113	-0.837
5yj5	A	154	 	M			11	11	-0.898	-1.065	H	-0.663	-1.524	2.219	-1.005	1.212	A	157	 	Y			22	12	-1.05	2.208	H	0.26	0.83	3.097	-0.838	1.512
5yj5	A	180	 	V			21	18	-0.921	-0.681	H	-1.337	-0.279	-0.544	1.242	-1.262	A	183	 	T			27	11	-0.794	-0.693	H	-0.032	0.326	2.213	0.908	1.313
5yj5	A	130	 	L			13	14	-1.569	2.283	H	-1.019	-0.987	-1.505	1.266	-0.912	A	162	 	Y			13	23	-1.639	2.613	H	0.26	0.83	3.097	-0.838	1.512
5yj5	A	217	 	Q			21	13	-1.131	-0.826	H	0.931	-0.179	-3.005	-0.503	-1.853	A	221	 	E			13	9	-1.213	-0.717	H	1.357	-1.453	1.477	0.113	-0.837
5yj5	A	210	 	V			24	18	-1.132	-1.146	H	-1.337	-0.279	-0.544	1.242	-1.262	A	213	 	M			27	11	-1.289	-0.909	H	-0.663	-1.524	2.219	-1.005	1.212
5yj5	A	138	 	I			13	17	-1.227	2.765	H	-1.239	-0.547	2.131	0.393	0.816	A	154	 	M			11	11	-0.898	-1.065	H	-0.663	-1.524	2.219	-1.005	1.212
5yj5	A	164	 	R			14	18	-1.621	2.304	H	1.538	-0.055	1.502	0.44	2.897	A	167	 	D			6	12	-0.8	2.09	H	1.05	0.302	-3.656	-0.259	-3.242
5yj5	A	146	 	E			14	11	-0.973	-0.965	H	1.357	-1.453	1.477	0.113	-0.837	A	205	 	M			21	15	-0.811	-1.013	H	-0.663	-1.524	2.219	-1.005	1.212
5yj5	A	213	 	M			27	11	-1.289	-0.909	H	-0.663	-1.524	2.219	-1.005	1.212	A	216	 	T			17	13	-0.773	-1.022	H	-0.032	0.326	2.213	0.908	1.313
5yj5	A	216	 	T			17	13	-0.773	-1.022	H	-0.032	0.326	2.213	0.908	1.313	A	219	 	E			7	14	-1.348	-1.033	H	1.357	-1.453	1.477	0.113	-0.837
5yj5	A	161	 	V			25	17	-2.597	2.357	H	-1.337	-0.279	-0.544	1.242	-1.262	A	183	 	T			27	11	-0.794	-0.693	H	-0.032	0.326	2.213	0.908	1.313
5yj5	A	188	 	T			13	14	-1.439	-0.987	H	-0.032	0.326	2.213	0.908	1.313	A	198	 	F			22	7	-1.323	2.221	H	-1.006	-0.59	1.891	-0.397	0.412
5yj5	A	176	 	V			16	20	-0.992	-0.836	H	-1.337	-0.279	-0.544	1.242	-1.262	A	211	 	E			11	27	-0.736	-0.606	H	1.357	-1.453	1.477	0.113	-0.837
5yj5	A	162	 	Y			13	23	-1.639	2.613	H	0.26	0.83	3.097	-0.838	1.512	A	179	 	C			26	13	-1.279	-1.098	H	-1.343	0.465	-0.862	-1.02	-0.255
5yj5	A	139	 	I			17	13	-1.55	3.093	H	-1.239	-0.547	2.131	0.393	0.816	A	208	 	R			11	23	-1.287	-1.083	H	1.538	-0.055	1.502	0.44	2.897
5yj5	A	171	 	N			13	7	-1.167	1.02	H	0.945	0.828	1.299	-0.169	0.933	A	175	 	F			20	17	-1.061	-1.016	H	-1.006	-0.59	1.891	-0.397	0.412
5yj5	A	177	 	H			12	22	-0.83	-1.1	H	0.336	-0.417	-1.673	-1.474	-0.078	A	180	 	V			21	18	-0.921	-0.681	H	-1.337	-0.279	-0.544	1.242	-1.262
5yj5	A	177	 	H			12	22	-0.83	-1.1	H	0.336	-0.417	-1.673	-1.474	-0.078	A	181	 	N			9	22	-0.845	-0.834	H	0.945	0.828	1.299	-0.169	0.933
5yj5	A	139	 	I			17	13	-1.55	3.093	H	-1.239	-0.547	2.131	0.393	0.816	A	212	 	Q			14	19	-1.256	-0.599	H	0.931	-0.179	-3.005	-0.503	-1.853
5yj5	A	178	 	D			15	17	-1.174	-0.299	H	1.05	0.302	-3.656	-0.259	-3.242	A	181	 	N			9	22	-0.845	-0.834	H	0.945	0.828	1.299	-0.169	0.933
5yj5	A	145	 	Y			4	11	-1.011	-0.964	H	0.26	0.83	3.097	-0.838	1.512	A	149	 	Y			17	10	-0.777	-0.873	H	0.26	0.83	3.097	-0.838	1.512
5yj5	A	208	 	R			11	23	-1.287	-1.083	H	1.538	-0.055	1.502	0.44	2.897	A	212	 	Q			14	19	-1.256	-0.599	H	0.931	-0.179	-3.005	-0.503	-1.853
5yj5	A	150	 	Y			16	13	-0.909	-0.899	H	0.26	0.83	3.097	-0.838	1.512	A	205	 	M			21	15	-0.811	-1.013	H	-0.663	-1.524	2.219	-1.005	1.212
5yj5	A	200	 	E			1	14	-0.751	-0.889	H	1.357	-1.453	1.477	0.113	-0.837	A	203	 	V			12	19	-1.085	-0.8	H	-1.337	-0.279	-0.544	1.242	-1.262
5yj5	A	185	 	K			7	17	-1.02	-0.69	H	1.831	-0.561	0.533	-0.277	1.648	A	188	 	T			13	14	-1.439	-0.987	H	-0.032	0.326	2.213	0.908	1.313
5yj5	A	149	 	Y			17	10	-0.777	-0.873	H	0.26	0.83	3.097	-0.838	1.512	A	153	 	N			13	8	-1.987	0.259	H	0.945	0.828	1.299	-0.169	0.933
5yj5	A	199	 	T			6	12	-1.179	2.707	H	-0.032	0.326	2.213	0.908	1.313	A	202	 	D			14	19	-0.683	-0.889	H	1.05	0.302	-3.656	-0.259	-3.242
5yj5	A	189	 	V			6	12	-0.968	-0.767	H	-1.337	-0.279	-0.544	1.242	-1.262	A	192	 	T			7	9	-1.421	-0.81	H	-0.032	0.326	2.213	0.908	1.313
5yj5	A	189	 	V			6	12	-0.968	-0.767	H	-1.337	-0.279	-0.544	1.242	-1.262	A	193	 	T			6	7	-0.97	-0.582	H	-0.032	0.326	2.213	0.908	1.313
5yj5	A	211	 	E			11	27	-0.736	-0.606	H	1.357	-1.453	1.477	0.113	-0.837	A	215	 	I			10	25	-1.166	-0.883	H	-1.239	-0.547	2.131	0.393	0.816
5yj5	A	221	 	E			13	9	-1.213	-0.717	H	1.357	-1.453	1.477	0.113	-0.837	A	224	 	A			8	9	-0.917	-0.541	H	-0.591	-1.302	-0.733	1.57	-0.146
5yj5	A	128	 	Y			13	12	-2.232	1.601	H	0.26	0.83	3.097	-0.838	1.512	A	178	 	D			15	17	-1.174	-0.299	H	1.05	0.302	-3.656	-0.259	-3.242
5yj5	A	128	 	Y			13	12	-2.232	1.601	H	0.26	0.83	3.097	-0.838	1.512	A	182	 	I			16	16	-1.368	-0.884	H	-1.239	-0.547	2.131	0.393	0.816
5yj5	A	138	 	I			13	17	-1.227	2.765	H	-1.239	-0.547	2.131	0.393	0.816	A	151	 	R			5	14	-1.124	-0.354	H	1.538	-0.055	1.502	0.44	2.897
5yj5	A	129	 	M			7	14	-1.94	2.278	H	-0.663	-1.524	2.219	-1.005	1.212	A	163	 	Y			25	12	-3.096	3.101	H	0.26	0.83	3.097	-0.838	1.512
5yj5	A	129	 	M			7	14	-1.94	2.278	H	-0.663	-1.524	2.219	-1.005	1.212	A	164	 	R			14	18	-1.621	2.304	H	1.538	-0.055	1.502	0.44	2.897
5yj5	A	110	 	K			9	4	-1.071	2.353	H	1.831	-0.561	0.533	-0.277	1.648	A	141	 	F			18	7	-2.042	-0.677	H	-1.006	-0.59	1.891	-0.397	0.412
5yj5	A	206	 	M			22	20	-0.946	-1.074	H	-0.663	-1.524	2.219	-1.005	1.212	A	211	 	E			11	27	-0.736	-0.606	H	1.357	-1.453	1.477	0.113	-0.837
5yj5	A	215	 	I			10	25	-1.166	-0.883	H	-1.239	-0.547	2.131	0.393	0.816	A	219	 	E			7	14	-1.348	-1.033	H	1.357	-1.453	1.477	0.113	-0.837
5yj5	A	149	 	Y			17	10	-0.777	-0.873	H	0.26	0.83	3.097	-0.838	1.512	A	202	 	D			14	19	-0.683	-0.889	H	1.05	0.302	-3.656	-0.259	-3.242
5yj5	A	185	 	K			7	17	-1.02	-0.69	H	1.831	-0.561	0.533	-0.277	1.648	A	189	 	V			6	12	-0.968	-0.767	H	-1.337	-0.279	-0.544	1.242	-1.262
5yj5	A	184	 	I			20	17	-1.334	-0.672	H	-1.239	-0.547	2.131	0.393	0.816	A	210	 	V			24	18	-1.132	-1.146	H	-1.337	-0.279	-0.544	1.242	-1.262
5yj5	A	184	 	I			20	17	-1.334	-0.672	H	-1.239	-0.547	2.131	0.393	0.816	A	203	 	V			12	19	-1.085	-0.8	H	-1.337	-0.279	-0.544	1.242	-1.262
5yj5	A	158	 	P			26	14	-0.681	1.755	H	0.189	2.081	-1.628	0.421	-1.392	A	187	 	H			18	12	-1.199	-0.433	H	0.336	-0.417	-1.673	-1.474	-0.078
5yj5	A	148	 	R			3	16	-0.931	-0.962	H	1.538	-0.055	1.502	0.44	2.897	A	151	 	R			5	14	-1.124	-0.354	H	1.538	-0.055	1.502	0.44	2.897
5yj5	A	148	 	R			3	16	-0.931	-0.962	H	1.538	-0.055	1.502	0.44	2.897	A	152	 	E			7	8	-1.387	-0.759	H	1.357	-1.453	1.477	0.113	-0.837
5yj5	A	161	 	V			25	17	-2.597	2.357	H	-1.337	-0.279	-0.544	1.242	-1.262	A	180	 	V			21	18	-0.921	-0.681	H	-1.337	-0.279	-0.544	1.242	-1.262
5yj5	A	139	 	I			17	13	-1.55	3.093	H	-1.239	-0.547	2.131	0.393	0.816	A	150	 	Y			16	13	-0.909	-0.899	H	0.26	0.83	3.097	-0.838	1.512
5yj5	A	176	 	V			16	20	-0.992	-0.836	H	-1.337	-0.279	-0.544	1.242	-1.262	A	180	 	V			21	18	-0.921	-0.681	H	-1.337	-0.279	-0.544	1.242	-1.262
5yj5	A	174	 	N			10	17	-1.203	-0.572	H	0.945	0.828	1.299	-0.169	0.933	A	177	 	H			12	22	-0.83	-1.1	H	0.336	-0.417	-1.673	-1.474	-0.078
5yj5	A	176	 	V			16	20	-0.992	-0.836	H	-1.337	-0.279	-0.544	1.242	-1.262	A	215	 	I			10	25	-1.166	-0.883	H	-1.239	-0.547	2.131	0.393	0.816
5yj5	A	162	 	Y			13	23	-1.639	2.613	H	0.26	0.83	3.097	-0.838	1.512	A	183	 	T			27	11	-0.794	-0.693	H	-0.032	0.326	2.213	0.908	1.313
5yj5	A	146	 	E			14	11	-0.973	-0.965	H	1.357	-1.453	1.477	0.113	-0.837	A	149	 	Y			17	10	-0.777	-0.873	H	0.26	0.83	3.097	-0.838	1.512
5yj5	A	187	 	H			18	12	-1.199	-0.433	H	0.336	-0.417	-1.673	-1.474	-0.078	A	190	 	T			6	10	-1.091	-0.883	H	-0.032	0.326	2.213	0.908	1.313
5yj5	A	130	 	L			13	14	-1.569	2.283	H	-1.019	-0.987	-1.505	1.266	-0.912	A	160	 	Q			8	26	-2.507	2.832	H	0.931	-0.179	-3.005	-0.503	-1.853
5yj5	A	160	 	Q			8	26	-2.507	2.832	H	0.931	-0.179	-3.005	-0.503	-1.853	A	213	 	M			27	11	-1.289	-0.909	H	-0.663	-1.524	2.219	-1.005	1.212
5yj5	A	159	 	N			11	23	-1.683	0.468	H	0.945	0.828	1.299	-0.169	0.933	A	213	 	M			27	11	-1.289	-0.909	H	-0.663	-1.524	2.219	-1.005	1.212
5yj5	A	207	 	E			12	26	-0.733	-0.792	H	1.357	-1.453	1.477	0.113	-0.837	A	210	 	V			24	18	-1.132	-1.146	H	-1.337	-0.279	-0.544	1.242	-1.262
5yj5	A	198	 	F			22	7	-1.323	2.221	H	-1.006	-0.59	1.891	-0.397	0.412	A	206	 	M			22	20	-0.946	-1.074	H	-0.663	-1.524	2.219	-1.005	1.212
5yj5	A	150	 	Y			16	13	-0.909	-0.899	H	0.26	0.83	3.097	-0.838	1.512	A	154	 	M			11	11	-0.898	-1.065	H	-0.663	-1.524	2.219	-1.005	1.212
5yj5	A	150	 	Y			16	13	-0.909	-0.899	H	0.26	0.83	3.097	-0.838	1.512	A	209	 	V			20	16	-0.817	-0.799	H	-1.337	-0.279	-0.544	1.242	-1.262
5yj5	A	165	 	P			3	26	-0.734	2.917	H	0.189	2.081	-1.628	0.421	-1.392	A	218	 	Y			21	16	-0.863	-0.55	H	0.26	0.83	3.097	-0.838	1.512
5yj5	A	204	 	K			10	17	-0.909	-0.907	H	1.831	-0.561	0.533	-0.277	1.648	A	207	 	E			12	26	-0.733	-0.792	H	1.357	-1.453	1.477	0.113	-0.837
5yj5	A	160	 	Q			8	26	-2.507	2.832	H	0.931	-0.179	-3.005	-0.503	-1.853	A	183	 	T			27	11	-0.794	-0.693	H	-0.032	0.326	2.213	0.908	1.313
5yj5	A	141	 	F			18	7	-2.042	-0.677	H	-1.006	-0.59	1.891	-0.397	0.412	A	205	 	M			21	15	-0.811	-1.013	H	-0.663	-1.524	2.219	-1.005	1.212
5yj5	A	149	 	Y			17	10	-0.777	-0.873	H	0.26	0.83	3.097	-0.838	1.512	A	201	 	T			10	12	-0.918	-1.063	H	-0.032	0.326	2.213	0.908	1.313
5yj5	A	134	 	M			18	7	-2.309	2.246	H	-0.663	-1.524	2.219	-1.005	1.212	A	157	 	Y			22	12	-1.05	2.208	H	0.26	0.83	3.097	-0.838	1.512
5yj5	A	157	 	Y			22	12	-1.05	2.208	H	0.26	0.83	3.097	-0.838	1.512	A	209	 	V			20	16	-0.817	-0.799	H	-1.337	-0.279	-0.544	1.242	-1.262
5yj5	A	134	 	M			18	7	-2.309	2.246	H	-0.663	-1.524	2.219	-1.005	1.212	A	159	 	N			11	23	-1.683	0.468	H	0.945	0.828	1.299	-0.169	0.933
5yj5	A	223	 	Q			4	12	-1.088	-0.795	H	0.931	-0.179	-3.005	-0.503	-1.853	A	226	 	Y			5	8	-0.908	-0.622	H	0.26	0.83	3.097	-0.838	1.512
5yj5	A	143	 	S			10	6	-2.465	2.645	H	-0.228	1.399	-4.76	0.67	-2.647	A	147	 	D			4	17	-0.745	-0.875	H	1.05	0.302	-3.656	-0.259	-3.242
5yj5	A	202	 	D			14	19	-0.683	-0.889	H	1.05	0.302	-3.656	-0.259	-3.242	A	206	 	M			22	20	-0.946	-1.074	H	-0.663	-1.524	2.219	-1.005	1.212
5yj5	A	128	 	Y			13	12	-2.232	1.601	H	0.26	0.83	3.097	-0.838	1.512	A	162	 	Y			13	23	-1.639	2.613	H	0.26	0.83	3.097	-0.838	1.512
5yj5	A	225	 	Y			10	8	-1.321	-0.79	H	0.26	0.83	3.097	-0.838	1.512	A	228	 	R			6	5	-1.137	1.784	H	1.538	-0.055	1.502	0.44	2.897
5yj5	A	216	 	T			17	13	-0.773	-1.022	H	-0.032	0.326	2.213	0.908	1.313	A	220	 	R			9	10	-0.765	-0.865	H	1.538	-0.055	1.502	0.44	2.897
5yj5	A	130	 	L			13	14	-1.569	2.283	H	-1.019	-0.987	-1.505	1.266	-0.912	A	163	 	Y			25	12	-3.096	3.101	H	0.26	0.83	3.097	-0.838	1.512
5yj5	A	136	 	R			18	6	-1.994	2.611	H	1.538	-0.055	1.502	0.44	2.897	A	157	 	Y			22	12	-1.05	2.208	H	0.26	0.83	3.097	-0.838	1.512
5yj5	A	182	 	I			16	16	-1.368	-0.884	H	-1.239	-0.547	2.131	0.393	0.816	A	186	 	Q			10	15	-1.339	-0.826	H	0.931	-0.179	-3.005	-0.503	-1.853
5yj5	A	183	 	T			27	11	-0.794	-0.693	H	-0.032	0.326	2.213	0.908	1.313	A	210	 	V			24	18	-1.132	-1.146	H	-1.337	-0.279	-0.544	1.242	-1.262
5yj5	A	198	 	F			22	7	-1.323	2.221	H	-1.006	-0.59	1.891	-0.397	0.412	A	203	 	V			12	19	-1.085	-0.8	H	-1.337	-0.279	-0.544	1.242	-1.262
5yj5	A	184	 	I			20	17	-1.334	-0.672	H	-1.239	-0.547	2.131	0.393	0.816	A	207	 	E			12	26	-0.733	-0.792	H	1.357	-1.453	1.477	0.113	-0.837
5yj5	A	174	 	N			10	17	-1.203	-0.572	H	0.945	0.828	1.299	-0.169	0.933	A	178	 	D			15	17	-1.174	-0.299	H	1.05	0.302	-3.656	-0.259	-3.242
5yj5	A	125	 	L			1	13	-0.877	-2.889	H	-1.019	-0.987	-1.505	1.266	-0.912	A	128	 	Y			13	12	-2.232	1.601	H	0.26	0.83	3.097	-0.838	1.512
5yj5	A	134	 	M			18	7	-2.309	2.246	H	-0.663	-1.524	2.219	-1.005	1.212	A	217	 	Q			21	13	-1.131	-0.826	H	0.931	-0.179	-3.005	-0.503	-1.853
5yj5	A	188	 	T			13	14	-1.439	-0.987	H	-0.032	0.326	2.213	0.908	1.313	A	192	 	T			7	9	-1.421	-0.81	H	-0.032	0.326	2.213	0.908	1.313
5yj5	A	133	 	A			5	13	-1.42	2.526	H	-0.591	-1.302	-0.733	1.57	-0.146	A	160	 	Q			8	26	-2.507	2.832	H	0.931	-0.179	-3.005	-0.503	-1.853
5yj5	A	212	 	Q			14	19	-1.256	-0.599	H	0.931	-0.179	-3.005	-0.503	-1.853	A	215	 	I			10	25	-1.166	-0.883	H	-1.239	-0.547	2.131	0.393	0.816
5yj5	A	157	 	Y			22	12	-1.05	2.208	H	0.26	0.83	3.097	-0.838	1.512	A	213	 	M			27	11	-1.289	-0.909	H	-0.663	-1.524	2.219	-1.005	1.212
5yj5	A	136	 	R			18	6	-1.994	2.611	H	1.538	-0.055	1.502	0.44	2.897	A	212	 	Q			14	19	-1.256	-0.599	H	0.931	-0.179	-3.005	-0.503	-1.853
5yj5	A	163	 	Y			25	12	-3.096	3.101	H	0.26	0.83	3.097	-0.838	1.512	A	179	 	C			26	13	-1.279	-1.098	H	-1.343	0.465	-0.862	-1.02	-0.255
5yj5	A	139	 	I			17	13	-1.55	3.093	H	-1.239	-0.547	2.131	0.393	0.816	A	209	 	V			20	16	-0.817	-0.799	H	-1.337	-0.279	-0.544	1.242	-1.262
5yj5	A	205	 	M			21	15	-0.811	-1.013	H	-0.663	-1.524	2.219	-1.005	1.212	A	208	 	R			11	23	-1.287	-1.083	H	1.538	-0.055	1.502	0.44	2.897
5yj5	A	209	 	V			20	16	-0.817	-0.799	H	-1.337	-0.279	-0.544	1.242	-1.262	A	212	 	Q			14	19	-1.256	-0.599	H	0.931	-0.179	-3.005	-0.503	-1.853
5yj5	A	143	 	S			10	6	-2.465	2.645	H	-0.228	1.399	-4.76	0.67	-2.647	A	146	 	E			14	11	-0.973	-0.965	H	1.357	-1.453	1.477	0.113	-0.837
5yj5	A	153	 	N			13	8	-1.987	0.259	H	0.945	0.828	1.299	-0.169	0.933	A	157	 	Y			22	12	-1.05	2.208	H	0.26	0.83	3.097	-0.838	1.512
5yj5	A	175	 	F			20	17	-1.061	-1.016	H	-1.006	-0.59	1.891	-0.397	0.412	A	179	 	C			26	13	-1.279	-1.098	H	-1.343	0.465	-0.862	-1.02	-0.255
5yj5	A	151	 	R			5	14	-1.124	-0.354	H	1.538	-0.055	1.502	0.44	2.897	A	154	 	M			11	11	-0.898	-1.065	H	-0.663	-1.524	2.219	-1.005	1.212
5yj5	A	175	 	F			20	17	-1.061	-1.016	H	-1.006	-0.59	1.891	-0.397	0.412	A	218	 	Y			21	16	-0.863	-0.55	H	0.26	0.83	3.097	-0.838	1.512
5yj5	A	110	 	K			9	4	-1.071	2.353	H	1.831	-0.561	0.533	-0.277	1.648	A	143	 	S			10	6	-2.465	2.645	H	-0.228	1.399	-4.76	0.67	-2.647
5yj5	A	226	 	Y			5	8	-0.908	-0.622	H	0.26	0.83	3.097	-0.838	1.512	A	230	 	S			5	4	-0.766	2.705	H	-0.228	1.399	-4.76	0.67	-2.647
5yj5	A	163	 	Y			25	12	-3.096	3.101	H	0.26	0.83	3.097	-0.838	1.512	A	214	 	C			25	22	-0.916	-0.767	H	-1.343	0.465	-0.862	-1.02	-0.255
5yj5	A	186	 	Q			10	15	-1.339	-0.826	H	0.931	-0.179	-3.005	-0.503	-1.853	A	189	 	V			6	12	-0.968	-0.767	H	-1.337	-0.279	-0.544	1.242	-1.262
5yj5	A	190	 	T			6	10	-1.091	-0.883	H	-0.032	0.326	2.213	0.908	1.313	A	194	 	K			8	4	-1.531	-0.223	H	1.831	-0.561	0.533	-0.277	1.648
5yj5	A	188	 	T			13	14	-1.439	-0.987	H	-0.032	0.326	2.213	0.908	1.313	A	203	 	V			12	19	-1.085	-0.8	H	-1.337	-0.279	-0.544	1.242	-1.262
5yj5	A	164	 	R			14	18	-1.621	2.304	H	1.538	-0.055	1.502	0.44	2.897	A	175	 	F			20	17	-1.061	-1.016	H	-1.006	-0.59	1.891	-0.397	0.412
5yj5	A	129	 	M			7	14	-1.94	2.278	H	-0.663	-1.524	2.219	-1.005	1.212	A	165	 	P			3	26	-0.734	2.917	H	0.189	2.081	-1.628	0.421	-1.392
5yj5	A	136	 	R			18	6	-1.994	2.611	H	1.538	-0.055	1.502	0.44	2.897	A	216	 	T			17	13	-0.773	-1.022	H	-0.032	0.326	2.213	0.908	1.313
5yj5	A	146	 	E			14	11	-0.973	-0.965	H	1.357	-1.453	1.477	0.113	-0.837	A	150	 	Y			16	13	-0.909	-0.899	H	0.26	0.83	3.097	-0.838	1.512
5yj5	A	180	 	V			21	18	-0.921	-0.681	H	-1.337	-0.279	-0.544	1.242	-1.262	A	185	 	K			7	17	-1.02	-0.69	H	1.831	-0.561	0.533	-0.277	1.648
5yj5	A	149	 	Y			17	10	-0.777	-0.873	H	0.26	0.83	3.097	-0.838	1.512	A	199	 	T			6	12	-1.179	2.707	H	-0.032	0.326	2.213	0.908	1.313
5yj5	A	167	 	D			6	12	-0.8	2.09	H	1.05	0.302	-3.656	-0.259	-3.242	A	175	 	F			20	17	-1.061	-1.016	H	-1.006	-0.59	1.891	-0.397	0.412
5yj5	A	133	 	A			5	13	-1.42	2.526	H	-0.591	-1.302	-0.733	1.57	-0.146	A	159	 	N			11	23	-1.683	0.468	H	0.945	0.828	1.299	-0.169	0.933
5yj5	A	183	 	T			27	11	-0.794	-0.693	H	-0.032	0.326	2.213	0.908	1.313	A	186	 	Q			10	15	-1.339	-0.826	H	0.931	-0.179	-3.005	-0.503	-1.853
5yj5	A	91	 	Q			4	4	-2.506	-0.095	H	0.931	-0.179	-3.005	-0.503	-1.853	A	94	 	G			3	4	-2.045	-2.78	H	-0.384	1.652	1.33	1.045	2.064
5yj5	A	99	 	W			2	6	-0.61	2.055	H	-0.595	0.009	0.672	-2.128	-0.184	A	102	 	P			0	8	-0.707	1.719	H	0.189	2.081	-1.628	0.421	-1.392
5yj5	A	153	 	N			13	8	-1.987	0.259	H	0.945	0.828	1.299	-0.169	0.933	A	156	 	R			10	10	-1.912	-0.063	H	1.538	-0.055	1.502	0.44	2.897
5yj5	A	158	 	P			26	14	-0.681	1.755	H	0.189	2.081	-1.628	0.421	-1.392	A	206	 	M			22	20	-0.946	-1.074	H	-0.663	-1.524	2.219	-1.005	1.212
5yj5	A	181	 	N			9	22	-0.845	-0.834	H	0.945	0.828	1.299	-0.169	0.933	A	185	 	K			7	17	-1.02	-0.69	H	1.831	-0.561	0.533	-0.277	1.648
5yj5	A	226	 	Y			5	8	-0.908	-0.622	H	0.26	0.83	3.097	-0.838	1.512	A	231	 	S			0	9	-1.649			-0.228	1.399	-4.76	0.67	-2.647
5yj5	A	223	 	Q			4	12	-1.088	-0.795	H	0.931	-0.179	-3.005	-0.503	-1.853	A	227	 	Q			5	6	-1.518	-0.53	H	0.931	-0.179	-3.005	-0.503	-1.853
5yj5	A	145	 	Y			4	11	-1.011	-0.964	H	0.26	0.83	3.097	-0.838	1.512	A	148	 	R			3	16	-0.931	-0.962	H	1.538	-0.055	1.502	0.44	2.897
5yj5	A	131	 	G			17	7	-1.389	-1.91	H	-0.384	1.652	1.33	1.045	2.064	A	217	 	Q			21	13	-1.131	-0.826	H	0.931	-0.179	-3.005	-0.503	-1.853
5yj5	A	147	 	D			4	17	-0.745	-0.875	H	1.05	0.302	-3.656	-0.259	-3.242	A	150	 	Y			16	13	-0.909	-0.899	H	0.26	0.83	3.097	-0.838	1.512
5yj5	A	137	 	P			2	18	-0.857	2.837	H	0.189	2.081	-1.628	0.421	-1.392	A	212	 	Q			14	19	-1.256	-0.599	H	0.931	-0.179	-3.005	-0.503	-1.853
5yj5	A	149	 	Y			17	10	-0.777	-0.873	H	0.26	0.83	3.097	-0.838	1.512	A	152	 	E			7	8	-1.387	-0.759	H	1.357	-1.453	1.477	0.113	-0.837
5yj5	A	201	 	T			10	12	-0.918	-1.063	H	-0.032	0.326	2.213	0.908	1.313	A	205	 	M			21	15	-0.811	-1.013	H	-0.663	-1.524	2.219	-1.005	1.212
5yj5	A	139	 	I			17	13	-1.55	3.093	H	-1.239	-0.547	2.131	0.393	0.816	A	205	 	M			21	15	-0.811	-1.013	H	-0.663	-1.524	2.219	-1.005	1.212
5yj5	A	202	 	D			14	19	-0.683	-0.889	H	1.05	0.302	-3.656	-0.259	-3.242	A	205	 	M			21	15	-0.811	-1.013	H	-0.663	-1.524	2.219	-1.005	1.212
5yj5	A	168	 	E			16	2	-2.969	-2.996	H	1.357	-1.453	1.477	0.113	-0.837	A	171	 	N			13	7	-1.167	1.02	H	0.945	0.828	1.299	-0.169	0.933
5yj5	A	144	 	D			0	14	-1.346	-0.539	H	1.05	0.302	-3.656	-0.259	-3.242	A	147	 	D			4	17	-0.745	-0.875	H	1.05	0.302	-3.656	-0.259	-3.242
5yj5	A	172	 	Q			9	16	-1.319	-0.691	H	0.931	-0.179	-3.005	-0.503	-1.853	A	218	 	Y			21	16	-0.863	-0.55	H	0.26	0.83	3.097	-0.838	1.512
